,loss,lr,average_reward,num_buy,num_sell,num_hold
0,17.863561630249023,0.001,-0.00018089101649820805,20,15,93
1,16.049022674560547,0.001,-0.0008385535911656916,19,12,97
2,5.673708438873291,0.001,0.00032276823185384274,24,17,87
3,0.6539361476898193,0.001,0.0002773517626337707,20,20,88
4,5.017557621002197,0.001,-0.001238395692780614,17,20,91
5,7.230250358581543,0.001,-0.001767727080732584,20,25,83
6,4.258728504180908,0.001,-0.0017818189226090908,15,21,92
7,2.7462291717529297,0.001,-0.00029016612097620964,21,13,94
8,2.5278875827789307,0.001,0.0006023579044267535,17,14,97
9,2.830503463745117,0.001,-0.0014751877170056105,14,28,86
10,2.0244805812835693,0.001,0.0010405144421383739,22,12,94
11,0.5815139412879944,0.001,-0.0019437498413026333,17,18,93
12,0.4978177547454834,0.001,-0.00042923109140247107,26,16,86
13,1.7198718786239624,0.001,-0.0007730372017249465,27,14,87
14,2.2573838233947754,0.001,-0.0016015541041269898,20,24,84
15,1.5736010074615479,0.001,-0.0004598467785399407,14,20,94
16,1.1004143953323364,0.001,-9.397557005286217e-05,28,21,79
17,0.5702401399612427,0.001,-0.00022393657127395272,19,16,93
18,1.0332908630371094,0.001,-0.0011554682860150933,17,17,94
19,0.8857157230377197,0.001,-0.0011326810345053673,16,15,97
20,0.3583897650241852,0.001,-0.00015012064250186086,17,25,86
21,0.2911123037338257,0.001,0.0004237178363837302,19,24,85
22,0.7288691401481628,0.001,-0.001273768488317728,24,15,89
23,1.0331056118011475,0.001,-0.0013054513838142157,20,21,87
24,0.7292264699935913,0.001,-0.001804017461836338,21,24,83
25,0.34824639558792114,0.001,-0.001170282019302249,23,17,88
26,0.11881472170352936,0.001,-0.0011269821552559733,20,16,92
27,0.2371196746826172,0.001,0.0001838493626564741,23,14,91
28,0.336264967918396,0.001,-0.0014490158064290881,27,19,82
29,0.2826603651046753,0.001,-0.0001861318596638739,17,22,89
30,0.18122047185897827,0.001,-0.0006958895828574896,17,22,89
31,0.2983667850494385,0.001,-0.0014167227782309055,28,17,83
32,0.32732564210891724,0.001,-0.002265332266688347,23,22,83
33,0.24941933155059814,0.001,-0.0007209331961348653,17,17,94
34,0.10875820368528366,0.001,-0.0012585715157911181,19,21,88
35,0.012466659769415855,0.001,0.00016651330224703997,21,21,86
36,0.09780208021402359,0.001,-0.0008983923471532762,25,24,79
37,0.23284435272216797,0.001,0.0010294975945726037,19,19,90
38,0.18253745138645172,0.001,-0.0005987880867905915,24,21,83
39,0.0775918960571289,0.001,-0.0009130595717579126,17,18,93
40,0.1015569418668747,0.001,-0.000791946891695261,18,23,87
41,0.12976258993148804,0.001,0.0002711457491386682,15,27,86
42,0.09116765856742859,0.001,-0.0010726184118539095,22,23,83
43,0.03626056760549545,0.001,0.00022791852825321257,18,19,91
44,0.027136866003274918,0.001,-0.0013807084178552032,14,20,94
45,0.09285899996757507,0.001,-0.0009698368958197534,18,19,91
46,0.10164397209882736,0.001,-0.0003194166347384453,21,25,82
47,0.0650475025177002,0.001,-0.0001714352547423914,24,21,83
48,0.026726379990577698,0.001,-0.00201124744489789,22,22,84
49,0.04398031532764435,0.001,-0.0008951541967689991,19,20,89
50,0.05433567985892296,0.001,-0.0018716403283178806,24,17,87
51,0.032920725643634796,0.001,-0.0009026398183777928,22,22,84
52,0.025146108120679855,0.001,-0.0018390704644843936,23,23,82
53,0.053230203688144684,0.001,-0.0007092106970958412,21,24,83
54,0.06208919733762741,0.001,3.9184000343084335e-05,28,16,84
55,0.03191936016082764,0.001,-0.00036773033207282424,17,22,89
56,0.01611754298210144,0.001,-0.0005006521241739392,27,17,84
57,0.01989336870610714,0.001,-0.001273955451324582,21,18,89
58,0.03854919970035553,0.001,-0.0006757517694495618,17,24,87
59,0.02743684872984886,0.001,-0.0018295487388968468,22,19,87
60,0.02207915298640728,0.001,-0.003602831158787012,20,19,89
61,0.021816227585077286,0.001,-0.0013714100932702422,18,11,99
62,0.026669170707464218,0.001,-0.001492894603870809,24,18,86
63,0.017856799066066742,0.001,0.00015938212163746357,25,23,80
64,0.012422269210219383,0.001,-0.0016298177652060986,16,19,93
65,0.02678908035159111,0.001,-0.0011424038093537092,21,14,93
66,0.021595291793346405,0.001,-0.0023017236962914467,32,18,78
67,0.02411368116736412,0.001,0.0008939202525652945,13,24,91
68,0.014081220142543316,0.001,0.0012646623654291034,16,18,94
69,0.019480478018522263,0.001,-0.0027645465452224016,22,23,83
70,0.0199778713285923,0.001,-0.001526172156445682,15,29,84
71,0.011813690885901451,0.001,-0.0005000744131393731,22,22,84
72,0.016073957085609436,0.001,-0.001751108095049858,18,20,90
73,0.018319392576813698,0.001,-0.0012147780507802963,19,18,91
74,0.013318769633769989,0.001,-0.0024135764688253403,13,15,100
75,0.015356968156993389,0.001,-0.001660689478740096,13,22,93
76,0.02125084400177002,0.001,-0.001418338157236576,26,19,83
77,0.01381534431129694,0.001,-0.0009180093184113503,16,24,88
78,0.013076920062303543,0.001,-0.0005826161941513419,19,21,88
79,0.010731687769293785,0.001,-0.0025994046591222286,15,20,93
80,0.014055690728127956,0.001,-0.00204452290199697,16,30,82
81,0.01490116398781538,0.001,-0.0010136726778000593,15,19,94
82,0.010424040257930756,0.001,-0.0003507304354570806,23,18,87
83,0.019677255302667618,0.001,-0.0006368704489432275,24,14,90
84,0.01584497094154358,0.001,-0.0024218959733843803,23,15,90
85,0.011147866025567055,0.001,-0.0006573002319782972,21,22,85
86,0.010981803759932518,0.001,-0.0022053620778024197,22,17,89
87,0.01103576272726059,0.001,0.00018619204638525844,22,16,90
88,0.0068728080950677395,0.001,-0.0007350777741521597,16,16,96
89,0.010154706425964832,0.001,-0.001709025353193283,21,12,95
90,0.007658330723643303,0.001,-6.474414840340614e-05,16,22,90
91,0.009036312811076641,0.001,-0.0020670800004154444,20,22,86
92,0.010249524377286434,0.001,-0.0009337785886600614,13,21,94
93,0.01014062948524952,0.001,-0.0012390444753691554,18,19,91
94,0.02074306458234787,0.001,-0.0007524854736402631,25,15,88
95,0.011882917955517769,0.001,-0.0007221184205263853,23,18,87
96,0.010494817048311234,0.001,-0.0017101559787988663,24,24,80
97,0.011649973690509796,0.001,-0.0019699446856975555,25,24,79
98,0.009390268474817276,0.001,-0.0018804529681801796,23,15,90
99,0.009111853316426277,0.001,-0.0003405339375603944,20,20,88
100,0.01361034158617258,0.001,-0.00031780870631337166,24,16,88
101,0.012486506253480911,0.001,-0.0011936752125620842,26,19,83
102,0.010022412985563278,0.001,0.00034394097747281194,28,23,77
103,0.010195581242442131,0.001,-0.00019763765158131719,25,19,84
104,0.011848559603095055,0.001,2.3618340492248535e-05,20,23,85
105,0.008244037628173828,0.001,3.915349952876568e-05,23,23,82
106,0.016448698937892914,0.001,0.0004619424289558083,23,16,89
107,0.009081190451979637,0.001,-0.0008895811624825001,17,21,90
108,0.008073082193732262,0.001,-0.0004738846037071198,21,22,85
109,0.008694803342223167,0.001,-0.0008034782949835062,15,24,89
110,0.007604876533150673,0.001,-0.0009986289078369737,22,18,88
111,0.007704954594373703,0.001,0.0004799856978934258,17,21,90
112,0.008998392149806023,0.001,-0.0011466974392533302,23,22,83
113,0.006401813589036465,0.001,-0.0016567637212574482,15,18,95
114,0.010069883428514004,0.001,-0.0002084013685816899,20,18,90
115,0.014430999755859375,0.001,-0.0010451041162014008,19,21,88
116,0.0070832157507538795,0.001,0.0009124433854594827,18,21,89
117,0.011838819831609726,0.001,-0.000248730240855366,27,20,81
118,0.00874886941164732,0.001,-0.00035619817208498716,19,19,90
119,0.0082884281873703,0.001,0.0007561565143987536,19,21,88
120,0.007170157972723246,0.001,0.000538516091182828,15,23,90
121,0.010091576725244522,0.001,-0.002162705408409238,24,28,76
122,0.007444044575095177,0.001,-0.0007646351587027311,22,17,89
123,0.008252177387475967,0.001,-0.00021946040214970708,20,28,80
124,0.013613228686153889,0.001,-0.00039417005609720945,25,18,85
125,0.009417307563126087,0.001,-0.0003922755131497979,20,24,84
126,0.008090436458587646,0.001,-0.0008196875569410622,16,23,89
127,0.007745548617094755,0.001,-0.00024077537818811834,28,22,78
128,0.006550159305334091,0.001,-0.0012365977745503187,15,22,91
129,0.011065321043133736,0.001,0.0015564000932499766,19,20,89
130,0.013171789236366749,0.001,-0.0005179152358323336,23,20,85
131,0.0066551025956869125,0.001,0.00039943918818607926,20,21,87
132,0.012109844945371151,0.001,-0.0015235282480716705,20,16,92
133,0.016452394425868988,0.001,-0.0001450590352760628,33,16,79
134,0.008957979269325733,0.001,0.0010493854060769081,22,20,86
135,0.01806243509054184,0.001,0.0009708941215649247,27,21,80
136,0.013547088019549847,0.001,-0.0003515835269354284,25,19,84
137,0.009653281420469284,0.001,-0.0015489455545321107,24,22,82
138,0.008724015206098557,0.001,-8.422898827120662e-05,20,21,87
139,0.008570379577577114,0.001,-0.0012579768663272262,20,22,86
140,0.007274830248206854,0.001,-0.0028015365824103355,22,22,84
141,0.014741899445652962,0.001,-0.0018861480057239532,26,20,82
142,0.008665443398058414,0.001,0.0011449388694018126,29,23,76
143,0.009307713247835636,0.001,-0.0012336964718997478,24,19,85
144,0.010561099275946617,0.001,-0.00012372626224532723,22,22,84
145,0.010072880424559116,0.001,0.00029241180163808167,26,22,80
146,0.009073369204998016,0.001,-0.0008478588424623013,20,22,86
147,0.016779061406850815,0.001,-0.0012892798986285925,29,22,77
148,0.007800853345543146,0.001,-0.0004314194666221738,25,24,79
149,0.006722150836139917,0.001,-0.00017161434516310692,20,25,83
150,0.009289385750889778,0.001,0.00013355381088331342,16,27,85
151,0.012315678410232067,0.001,0.0015388727188110352,29,24,75
152,0.012542922049760818,0.001,0.0006165896775200963,21,17,90
153,0.0121817821636796,0.001,-5.538114783121273e-05,22,23,83
154,0.010087139904499054,0.001,0.0012455617543309927,26,23,79
155,0.010793916881084442,0.001,0.0018051185179501772,31,14,83
156,0.006580528803169727,0.001,0.0007618038216605783,13,30,85
157,0.014089100062847137,0.001,0.002109478460624814,18,21,89
158,0.007253705989569426,0.001,0.0002573560341261327,17,30,81
159,0.01540988590568304,0.001,0.0015343636041507125,24,23,81
160,0.008752652443945408,0.001,0.00010623244452290237,26,23,79
161,0.0087669026106596,0.001,0.00022829457884654403,19,23,86
162,0.009584285318851471,0.001,-0.00040974467992782593,22,18,88
163,0.010023337788879871,0.001,0.001045414712280035,25,19,84
164,0.01209007203578949,0.001,0.0003189359267707914,25,21,82
165,0.010799144394695759,0.001,0.0018658791668713093,22,21,85
166,0.013180863112211227,0.001,0.0014112996868789196,25,24,79
167,0.015181091614067554,0.001,0.0010474501177668571,20,20,88
168,0.013466971926391125,0.001,0.001053761225193739,26,14,88
169,0.01225105207413435,0.001,-0.0008249098318628967,26,19,83
170,0.009754657745361328,0.001,0.0002799829817377031,24,25,79
171,0.010968949645757675,0.001,0.0023933001793920994,21,24,83
172,0.015118258073925972,0.001,0.0008659610757604241,26,27,75
173,0.012469219043850899,0.001,0.0007467191317118704,26,28,74
174,0.01317452173680067,0.001,0.0002275964361615479,22,21,85
175,0.00823836401104927,0.001,0.0018624563235789537,21,17,90
176,0.007854312658309937,0.001,0.0015796793159097433,18,21,89
177,0.011540352366864681,0.001,0.0004910604911856353,22,19,87
178,0.006453108508139849,0.001,0.0004942070227116346,18,32,78
179,0.012460757046937943,0.001,0.0008209047373384237,23,18,87
180,0.010762830264866352,0.001,0.0006220536306500435,26,17,85
181,0.012385714799165726,0.001,0.0011573855299502611,18,18,92
182,0.010083495639264584,0.001,0.0002887542359530926,18,24,86
183,0.011049838736653328,0.001,-0.0008110430790111423,22,26,80
184,0.006684465799480677,0.001,0.0006369989714585245,17,21,90
185,0.01041468046605587,0.001,0.0008755041635595262,26,22,80
186,0.00839744322001934,0.001,0.0006490645464509726,20,21,87
187,0.01009109616279602,0.001,0.0006241806549951434,18,23,87
188,0.01762886717915535,0.001,0.0034656785428524017,26,23,79
189,0.015147645026445389,0.001,0.0018976883729919791,26,24,78
190,0.009444238618016243,0.001,0.0007163416012190282,25,23,80
191,0.009106026962399483,0.001,0.00019270338816568255,20,22,86
192,0.00946466252207756,0.001,0.0015634060837328434,23,23,82
193,0.010709798894822598,0.001,0.0007942738593555987,21,18,89
194,0.007130363956093788,0.001,0.0005596976261585951,20,30,78
195,0.005909220315515995,0.001,0.0010674457298591733,21,25,82
196,0.007540580350905657,0.001,0.002221236703917384,16,26,86
197,0.008651361800730228,0.001,0.0007003328646533191,24,23,81
198,0.01087331771850586,0.001,0.0006318611558526754,22,19,87
199,0.004817582666873932,0.001,0.0014538322575390339,24,26,78
200,0.005012213252484798,0.001,0.00015386147424578667,26,22,80
201,0.006597189232707024,0.001,-0.0015711308224126697,22,27,79
202,0.010221805423498154,0.001,-0.0007677909452468157,24,24,80
203,0.005550871603190899,0.001,0.001100757042877376,25,21,82
204,0.006423384882509708,0.001,-0.00045495195081457496,18,21,89
205,0.0062349154613912106,0.001,-0.0016962321242317557,21,20,87
206,0.008433233946561813,0.001,0.0005784539971500635,25,25,78
207,0.0074069383554160595,0.001,-0.00112126674503088,21,22,85
208,0.011652648448944092,0.001,-0.0006406741449609399,23,21,84
209,0.009184122085571289,0.001,-0.0005377117777243257,27,19,82
210,0.0071726590394973755,0.001,-0.0002111603389494121,23,19,86
211,0.007729678880423307,0.001,-0.0006035855622030795,19,15,94
212,0.006539571564644575,0.001,0.00013126246631145477,22,23,83
213,0.013262047432363033,0.001,0.0006073252880014479,19,17,92
214,0.010748380795121193,0.001,-0.0007521207444369793,22,26,80
215,0.009595498442649841,0.001,-0.0002835055929608643,24,22,82
216,0.004674104508012533,0.001,6.086123175919056e-05,20,15,93
217,0.00491853104904294,0.001,0.000149417610373348,21,21,86
218,0.007365829311311245,0.001,0.00036611128598451614,19,18,91
219,0.004923085682094097,0.001,-0.00032047860440798104,19,22,87
220,0.010961233638226986,0.001,-0.0003894940600730479,25,22,81
221,0.009082777425646782,0.001,-0.00016570312436670065,24,15,89
222,0.00433160737156868,0.001,-0.000844685360789299,20,19,89
223,0.011013874784111977,0.001,0.00028908043168485165,18,24,86
224,0.005756673403084278,0.001,0.0013769299257546663,22,23,83
225,0.00624519307166338,0.001,0.0005437282379716635,18,16,94
226,0.0048201181925833225,0.001,-0.0002728942781686783,15,14,99
227,0.006216046866029501,0.001,0.0010160881793126464,21,21,86
228,0.004848364274948835,0.001,-0.0010647526942193508,18,17,93
229,0.006715730298310518,0.001,-0.0010370718082413077,21,16,91
230,0.005910854786634445,0.001,-0.00022790793445892632,19,16,93
231,0.0033020188566297293,0.001,-0.001816878211684525,14,19,95
232,0.004937424324452877,0.001,-0.0005863308324478567,24,18,86
233,0.007276064716279507,0.001,-0.0006816710811108351,30,16,82
234,0.003956529777497053,0.001,0.0011069185566157103,21,22,85
235,0.005038197617977858,0.001,0.00012757617514580488,18,20,90
236,0.004326635971665382,0.001,-0.0005661329487338662,26,18,84
237,0.0072979917749762535,0.001,8.144800085574389e-05,19,17,92
238,0.004884588066488504,0.001,0.0003674279141705483,26,14,88
239,0.0077713364735245705,0.001,-0.0006927643553353846,19,13,96
240,0.00859689712524414,0.001,-0.000891706848051399,23,15,90
241,0.0131728146225214,0.001,-0.0004952946910634637,17,23,88
242,0.00761398347094655,0.001,0.00017334771109744906,27,19,82
243,0.008280524984002113,0.001,0.0002116867108270526,24,24,80
244,0.006947894115000963,0.001,-0.00023146877356339246,22,22,84
245,0.008520844392478466,0.001,-0.000696878763847053,31,14,83
246,0.006941647734493017,0.001,0.00195544702000916,17,18,93
247,0.009825301356613636,0.001,0.0006758134113624692,20,21,87
248,0.008322992362082005,0.001,0.0002242402988485992,19,34,75
249,0.006187517661601305,0.001,0.0006006786716170609,26,30,72
250,5.03175163269043,0.001,5.8206001995131373e-05,21,16,91
251,1.0743783712387085,0.001,0.001015824032947421,24,18,86
252,2.419159412384033,0.001,0.0003011570661328733,21,26,81
253,2.1224520206451416,0.001,-0.00047617615200579166,19,23,86
254,2.532343626022339,0.001,-0.0004544541297946125,20,22,86
255,2.8538074493408203,0.001,0.0009278873912990093,12,17,99
256,0.6027393937110901,0.001,0.00017607485642656684,25,18,85
257,1.231384038925171,0.001,0.0009281537495553493,19,21,88
258,1.4328118562698364,0.001,-0.00013859086902812123,25,18,85
259,0.6751395463943481,0.001,0.0009599870536476374,17,30,81
260,1.7364416122436523,0.001,-0.00035895296605303884,20,24,84
261,1.0508666038513184,0.001,0.0011307918466627598,24,20,84
262,0.16706115007400513,0.001,0.0006128560635261238,23,19,86
263,0.988110363483429,0.001,0.0005171051016077399,26,24,78
264,0.9114363193511963,0.001,-0.0002337973564863205,26,23,79
265,0.5449864864349365,0.001,0.0014903981937095523,22,17,89
266,0.7840880155563354,0.001,0.0015483214519917965,23,24,81
267,0.15244054794311523,0.001,-1.9630533643066883e-05,22,17,89
268,0.28468284010887146,0.001,-0.0007004569051787257,26,25,77
269,0.8797172904014587,0.001,0.002466952195391059,29,23,76
270,0.33338508009910583,0.001,-0.000345495791407302,22,22,84
271,0.22223258018493652,0.001,0.00147119234316051,17,26,85
272,0.3481191396713257,0.001,-0.000976684270426631,23,23,82
273,0.15258188545703888,0.001,0.0007915095193311572,21,24,83
274,0.30021971464157104,0.001,0.0010499580530449748,14,19,95
275,0.34823089838027954,0.001,0.001290868385694921,24,23,81
276,0.06323261559009552,0.001,-7.437076419591904e-06,24,19,85
277,0.13669869303703308,0.001,0.002113570924848318,24,21,83
278,0.1776593178510666,0.001,6.797700189054012e-05,19,22,87
279,0.15331047773361206,0.001,-0.0006661399966105819,24,23,81
280,0.20155546069145203,0.001,0.0013118963688611984,23,21,84
281,0.09801682084798813,0.001,-0.00039749941788613796,19,29,80
282,0.03958375006914139,0.001,0.00045473972568288445,24,23,81
283,0.12378580868244171,0.001,-0.000254388723988086,18,26,84
284,0.10771938413381577,0.001,0.000766701705288142,21,23,84
285,0.10599315911531448,0.001,-0.00021714001195505261,25,25,78
286,0.07795707136392593,0.001,0.0003855350660160184,24,19,85
287,0.035741500556468964,0.001,0.0007687333272770047,27,17,84
288,0.05006127059459686,0.001,0.0006694018375128508,24,15,89
289,0.08937788754701614,0.001,0.0007051087450236082,18,21,89
290,0.04953198507428169,0.001,0.0005435434868559241,24,14,90
291,0.02531409077346325,0.001,-0.0015950342640280724,16,22,90
292,0.044600434601306915,0.001,0.0018388135358691216,24,22,82
293,0.025867754593491554,0.001,-0.0005674051935784519,19,26,83
294,0.049677006900310516,0.001,0.0018145798239856958,23,21,84
295,0.043224185705184937,0.001,0.0008705301443114877,22,21,85
296,0.016740892082452774,0.001,-0.00036198843736201525,22,25,81
297,0.015573376789689064,0.001,-0.000823145848698914,21,25,82
298,0.03657286614179611,0.001,-0.0005985362222418189,27,22,79
299,0.031149912625551224,0.001,0.0008202116005122662,20,23,85
300,0.024924835190176964,0.001,0.0013149824226275086,27,20,81
301,0.014087111689150333,0.001,0.0012838775292038918,24,22,82
302,0.01343635655939579,0.001,0.001905763172544539,16,21,91
303,0.024285459890961647,0.001,0.002468576654791832,23,25,80
304,0.021674085408449173,0.001,-0.0010877986205741763,18,21,89
305,0.02353445068001747,0.001,0.0013078029733151197,30,20,78
306,0.014573313295841217,0.001,0.0008329605916514993,26,27,75
307,0.014421079307794571,0.001,0.000923000683542341,26,22,80
308,0.022852104157209396,0.001,0.0017101848497986794,24,26,78
309,0.018353497609496117,0.001,0.0013167232973501086,16,19,93
310,0.014782408252358437,0.001,0.0012609886471182108,23,25,80
311,0.010213099420070648,0.001,0.0024947859346866608,21,17,90
312,0.00960212480276823,0.001,0.0015153537970036268,23,17,88
313,0.009212515316903591,0.001,0.0015335162170231342,20,22,86
314,0.01663333736360073,0.001,8.017616346478462e-05,23,23,82
315,0.012566745281219482,0.001,0.00039876101072877645,23,19,86
316,0.008099131286144257,0.001,0.0008259846945293248,23,24,81
317,0.007920392788946629,0.001,0.0007802873151376843,16,27,85
318,0.015354538336396217,0.001,0.0017708106897771358,25,22,81
319,0.012886419892311096,0.001,0.0007815341232344508,22,20,86
320,0.012739053927361965,0.001,0.0005924585275352001,19,30,79
321,0.0057307519018650055,0.001,0.0010986728593707085,17,18,93
322,0.009021385572850704,0.001,0.0007382147596217692,23,13,92
323,0.011993227526545525,0.001,0.0007975856424309313,19,24,85
324,0.009791271761059761,0.001,0.0008080359548330307,24,19,85
325,0.011933505535125732,0.001,0.0007551442831754684,20,14,94
326,0.008215274661779404,0.001,0.0009462914313189685,18,21,89
327,0.008924187161028385,0.001,0.0014327275566756725,26,23,79
328,0.009253122843801975,0.001,0.0009373733773827553,24,25,79
329,0.007392779923975468,0.001,-0.0011626584455370903,24,13,91
330,0.00876142643392086,0.001,6.907881470397115e-05,17,24,87
331,0.008179016411304474,0.001,0.001725747250020504,27,23,78
332,0.007961340248584747,0.001,0.0020426567643880844,27,18,83
333,0.006157621741294861,0.001,0.0016963682137429714,23,24,81
334,0.011335678398609161,0.001,0.00023128214525058866,25,17,86
335,0.007432619575411081,0.001,1.260777935385704e-05,20,22,86
336,0.0048313685692846775,0.001,0.0022114708553999662,16,21,91
337,0.008395778946578503,0.001,0.0012353756465017796,31,19,78
338,0.005186622031033039,0.001,0.0011996550019830465,18,19,91
339,0.005229674745351076,0.001,-0.00021443022706080228,17,25,86
340,0.006223346572369337,0.001,0.00027927689370699227,24,24,80
341,0.006718861870467663,0.001,0.001675969804637134,20,19,89
342,0.008299348875880241,0.001,0.002729922765865922,25,19,84
343,0.010239902883768082,0.001,0.0019529201090335846,21,26,81
344,0.006642111577093601,0.001,0.0011874159099534154,19,20,89
345,0.006286171264946461,0.001,-0.0010138576617464423,25,18,85
346,0.009106796234846115,0.001,0.00017638687859289348,23,23,82
347,0.008472789078950882,0.001,0.0003866844344884157,23,22,83
348,0.009565883316099644,0.001,0.0006012212252244353,23,19,86
349,0.0070446552708745,0.001,0.0003294487250968814,23,20,85
350,0.009206900373101234,0.001,-0.0002846099669113755,25,15,88
351,0.008133115246891975,0.001,-0.00035834265872836113,18,27,83
352,0.006752089597284794,0.001,0.0002412996836937964,16,26,86
353,0.011319108307361603,0.001,0.0013635838404297829,20,21,87
354,0.0068284631706774235,0.001,-0.0014163265004754066,25,29,74
355,0.006319110281765461,0.001,0.0003568739048205316,18,30,80
356,0.006488155107945204,0.001,-0.0010367492213845253,24,25,79
357,0.008598778396844864,0.001,-0.0010684238513931632,26,15,87
358,0.005969912279397249,0.001,-0.0011779195629060268,22,13,93
359,0.006849830504506826,0.001,-1.3491924619302154e-05,19,26,83
360,0.004750473890453577,0.001,-0.00020345259690657258,22,19,87
361,0.008351214230060577,0.001,-0.0007904492667876184,25,26,77
362,0.005758229643106461,0.001,0.00016727420734241605,20,20,88
363,0.0057473378255963326,0.001,-0.00023956195218488574,22,18,88
364,0.005269395187497139,0.001,-0.00011253682896494865,19,21,88
365,0.007813395000994205,0.001,7.916075992397964e-05,24,23,81
366,0.004919687286019325,0.001,-0.0014248955994844437,24,15,89
367,0.004966671112924814,0.001,-0.0008875479688867927,16,25,87
368,0.006623000837862492,0.001,-0.0001970070879906416,12,24,92
369,0.00687024462968111,0.001,0.0003751991898752749,27,19,82
370,0.005384624470025301,0.001,0.0018071891972795129,23,24,81
371,0.006462134420871735,0.001,-0.0012330386089161038,22,20,86
372,0.005931097082793713,0.001,-0.00022253274801187217,28,25,75
373,0.00663246912881732,0.001,0.000680093071423471,18,17,93
374,0.006944690831005573,0.001,0.0016270086634904146,24,14,90
375,0.005516822915524244,0.001,-0.00024458725238218904,25,24,79
376,0.00419226847589016,0.001,-0.0014055086066946387,18,20,90
377,0.00451697688549757,0.001,-0.0013839404564350843,19,17,92
378,0.005627819336950779,0.001,-0.00019649683963507414,24,19,85
379,0.007325313985347748,0.001,0.0009374117362312973,21,26,81
380,0.005643341690301895,0.001,-0.001288881408981979,20,26,82
381,0.00517351133748889,0.001,-0.0005667571676895022,18,20,90
382,0.007356396876275539,0.001,-0.0009821455460041761,24,23,81
383,0.008133129216730595,0.001,0.000409274100093171,29,19,80
384,0.007776076905429363,0.001,0.0006444234750233591,27,18,83
385,0.005438267253339291,0.001,-0.00019685120787471533,18,23,87
386,0.005992047488689423,0.001,-0.0009541896870359778,22,18,88
387,0.004739538300782442,0.001,-0.0015044345054775476,27,14,87
388,0.0056097921915352345,0.001,0.0005723234498873353,23,16,89
389,0.006839259061962366,0.001,0.00010755487892311066,20,22,86
390,0.004220142960548401,0.001,-0.0011075349757447839,16,17,95
391,0.005678403191268444,0.001,0.0017577334074303508,24,20,84
392,0.006251033861190081,0.001,-9.614064765628427e-05,20,14,94
393,0.00499915424734354,0.001,0.0004371487011667341,27,19,82
394,0.008243640884757042,0.001,0.0001115286722779274,24,21,83
395,0.006108405068516731,0.001,0.0006180647760629654,14,20,94
396,0.004016275517642498,0.001,-3.0761846574023366e-05,18,22,88
397,0.007910648360848427,0.001,0.0002608728245832026,25,15,88
398,0.004239092580974102,0.001,0.0011019203811883926,26,14,88
399,0.006847894750535488,0.001,0.0008502636337652802,20,21,87
400,0.003441330511122942,0.001,-0.00019778241403400898,17,21,90
401,0.002966099651530385,0.001,5.095143569633365e-05,18,15,95
402,0.004376400262117386,0.001,-0.0007996281492523849,22,20,86
403,0.004590240307152271,0.001,-0.0008197255665436387,14,28,86
404,0.002824540715664625,0.001,-0.0004602863627951592,14,23,91
405,0.006403131410479546,0.001,0.00014611978258471936,20,16,92
406,0.004283874295651913,0.001,-0.00042750363354571164,16,17,95
407,0.0040651424787938595,0.001,0.0006558881723321974,20,25,83
408,0.0026135295629501343,0.001,0.0002183581527788192,19,13,96
409,0.003220649901777506,0.001,1.8090882804244757e-05,14,26,88
410,0.0033597692381590605,0.001,-0.0006398437544703484,21,24,83
411,0.004566865973174572,0.001,0.00027587299700826406,20,24,84
412,0.003248383291065693,0.001,-0.00011933298083022237,14,21,93
413,0.005431110039353371,0.001,-0.0008193677058443427,25,20,83
414,0.005585488397628069,0.001,-0.0007604642305523157,23,24,81
415,0.005397303029894829,0.001,-0.0009839711710810661,17,17,94
416,0.004080574028193951,0.001,-0.000939094927161932,16,21,91
417,0.003816985758021474,0.001,-0.0012091704411432147,17,22,89
418,0.004217685200273991,0.001,-7.23846023902297e-05,17,17,94
419,0.005585135892033577,0.001,-0.0002869632444344461,21,21,86
420,0.004693503025919199,0.001,-9.899208089336753e-05,18,29,81
421,0.004182955715805292,0.001,-0.0006816882523708045,20,18,90
422,0.004631081596016884,0.001,-0.000704374338965863,18,19,91
423,0.0038832067511975765,0.001,0.00015466836339328438,15,17,96
424,0.003194439224898815,0.001,-0.0006558300228789449,14,23,91
425,0.002895085606724024,0.001,-0.0005400353111326694,17,27,84
426,0.0031756185926496983,0.001,0.00010919474880211055,21,17,90
427,0.0068748872727155685,0.001,-6.119735189713538e-05,29,15,84
428,0.005139437969774008,0.001,0.0010782701428979635,31,11,86
429,0.003577061463147402,0.001,-0.0003586909733712673,19,26,83
430,0.007430472411215305,0.001,-0.0012682066299021244,22,26,80
431,0.0066044749692082405,0.001,0.00015388554311357439,29,23,76
432,0.002963948529213667,0.001,-9.556402801536024e-05,20,16,92
433,0.006285135634243488,0.001,0.00014818580530118197,21,21,86
434,0.00679732346907258,0.001,-0.0021689217537641525,21,21,86
435,0.0038732695393264294,0.001,-0.0020550661720335484,21,15,92
436,0.002838708460330963,0.001,-0.0021272802259773016,20,16,92
437,0.0039378562942147255,0.001,0.0002062541025225073,22,14,92
438,0.0043964022770524025,0.001,-0.0014241933822631836,21,23,84
439,0.004335387609899044,0.001,-0.0013464418007060885,16,24,88
440,0.0038169240579009056,0.001,-0.0010429974645376205,24,21,83
441,0.00397920049726963,0.001,-0.0013303951127454638,24,25,79
442,0.003458022838458419,0.001,-0.0014936183579266071,18,23,87
443,0.0032979934476315975,0.001,0.0005275489529594779,18,24,86
444,0.0037694349884986877,0.001,0.00012117820733692497,21,15,92
445,0.0040633780881762505,0.001,-0.0010877184104174376,17,22,89
446,0.004098972305655479,0.001,-0.0004302746383473277,18,20,90
447,0.0030923846643418074,0.001,0.00010170869063585997,21,22,85
448,0.0041415635496377945,0.001,-0.000912502349819988,16,23,89
449,0.005363748408854008,0.001,0.0008645944762974977,25,24,79
450,0.004221923649311066,0.001,0.0006958419689908624,23,19,86
451,0.0029446156695485115,0.001,0.0012996308505535126,20,19,89
452,0.0036184126511216164,0.001,0.0011764302616938949,25,21,82
453,0.0034113600850105286,0.001,0.0025712549686431885,15,21,92
454,0.005100593902170658,0.001,0.001299773110076785,16,26,86
455,0.005347167141735554,0.001,0.0037225913256406784,23,22,83
456,0.0034256852231919765,0.001,0.0006248209974728525,30,14,84
457,0.006225652061402798,0.001,0.0016383097972720861,19,26,83
458,0.004477458540350199,0.001,0.00046265494893305004,21,21,86
459,0.0027317579369992018,0.001,0.0008928627939894795,20,23,85
460,0.004384635016322136,0.001,0.000736340822186321,22,25,81
461,0.0020072967745363712,0.001,-9.123407653532922e-05,25,15,88
462,0.004167607054114342,0.001,0.0005256626172922552,21,27,80
463,0.005230345763266087,0.001,0.0012468337081372738,31,22,75
464,0.00323446374386549,0.001,-0.00040718051604926586,16,23,89
465,0.0051011499017477036,0.001,0.0019070359412580729,17,17,94
466,0.0033258211333304644,0.001,0.0017828299896791577,14,22,92
467,0.0041139451786875725,0.001,0.00045898091048002243,16,17,95
468,0.0040575312450528145,0.001,0.0009232850279659033,13,19,96
469,0.0034629206638783216,0.001,0.0018570470856502652,27,17,84
470,0.002940791891887784,0.001,0.0002232052356703207,16,24,88
471,0.003855306189507246,0.001,0.0018568418454378843,22,23,83
472,0.004698996432125568,0.001,0.0004139975644648075,17,22,89
473,0.003549615852534771,0.001,0.0008323009824380279,17,19,92
474,0.004345794208347797,0.001,0.0016338996356353164,24,16,88
475,0.0036844403948634863,0.001,7.67972378525883e-05,19,26,83
476,0.002923214342445135,0.001,0.00081663578748703,17,21,90
477,0.005047581158578396,0.001,0.002054322510957718,24,22,82
478,0.003600624855607748,0.001,0.0014965874142944813,21,24,83
479,0.003686245298013091,0.001,0.0005619224393740296,20,25,83
480,0.005004376173019409,0.001,0.0010675520170480013,25,28,75
481,0.004171588458120823,0.001,-6.608081457670778e-05,21,14,93
482,0.0018601467600092292,0.001,0.0019507830729708076,18,20,90
483,0.0028738658875226974,0.001,0.0022643287666141987,28,20,80
484,0.0024632257409393787,0.001,0.0005943428259342909,11,18,99
485,0.005720727611333132,0.001,0.0027515452820807695,28,18,82
486,0.0021746663842350245,0.001,0.001112941186875105,20,27,81
487,0.0020963724236935377,0.001,0.0010168269509449601,23,16,89
488,0.001682225614786148,0.001,0.0011019132798537612,14,19,95
489,0.0023019565269351006,0.001,0.0011150217615067959,17,25,86
490,0.003363978583365679,0.001,0.0010732950177043676,24,21,83
491,0.004902429413050413,0.001,0.001199331134557724,26,23,79
492,0.002230983227491379,0.001,0.0009208568371832371,18,15,95
493,0.0025431327521800995,0.001,0.0010317311389371753,14,19,95
494,0.004526852164417505,0.001,0.0011340121272951365,22,19,87
495,0.0030251690186560154,0.001,0.0016569718718528748,24,20,84
496,0.002976706949993968,0.001,-7.837993325665593e-05,16,22,90
497,0.004669671878218651,0.001,0.0007320968434214592,18,21,89
498,0.0034001320600509644,0.001,-4.4281536247581244e-05,22,24,82
499,0.003129703924059868,0.001,0.0010862741619348526,24,16,88
500,1.2188023328781128,0.001,-0.00013783585745841265,26,28,74
501,0.13296498358249664,0.001,-0.001375091727823019,22,25,81
502,0.7512067556381226,0.001,-0.0009307025466114283,17,27,84
503,0.4280224144458771,0.001,2.4299079086631536e-05,20,17,91
504,0.8816044926643372,0.001,0.0001429523399565369,17,22,89
505,0.35907405614852905,0.001,-0.00019412412075325847,29,22,77
506,0.2664920389652252,0.001,0.0006776669761165977,21,20,87
507,0.49125346541404724,0.001,0.001157924416474998,24,21,83
508,0.44134312868118286,0.001,-0.0005288321990519762,24,20,84
509,0.48902198672294617,0.001,-0.0001644756703171879,23,16,89
510,0.11362672597169876,0.001,0.0007926164544187486,24,30,74
511,0.30568620562553406,0.001,-0.00047497553168796003,12,27,89
512,0.36175256967544556,0.001,-0.00021157773153390735,26,26,76
513,0.35770559310913086,0.001,-0.001070706290192902,21,22,85
514,0.17365823686122894,0.001,0.0005195240955799818,22,27,79
515,0.0448564738035202,0.001,0.00029855489265173674,26,17,85
516,0.2558557987213135,0.001,0.00012846598110627383,21,18,89
517,0.1821543574333191,0.001,-0.0005431241588667035,18,23,87
518,0.14813771843910217,0.001,-0.0011318274773657322,18,24,86
519,0.021614493802189827,0.001,0.00013537576887756586,17,27,84
520,0.1047915518283844,0.001,0.0005699893226847053,24,19,85
521,0.14697906374931335,0.001,0.00103232660330832,25,21,82
522,0.05958566069602966,0.001,-0.0006013623205944896,23,23,82
523,0.04684621840715408,0.001,-0.001279069110751152,22,24,82
524,0.05844724923372269,0.001,-0.0003408158663660288,25,22,81
525,0.09096673876047134,0.001,0.00040218618232756853,21,29,78
526,0.0632074698805809,0.001,-0.0001732970995362848,23,20,85
527,0.04211755841970444,0.001,-0.0015227914554998279,27,24,77
528,0.04680207744240761,0.001,-0.0015951793175190687,24,27,77
529,0.04636836051940918,0.001,-0.00018598290625959635,26,24,78
530,0.052734535187482834,0.001,-0.0005828628782182932,21,24,83
531,0.02065342664718628,0.001,-0.0021869840566068888,20,23,85
532,0.016400467604398727,0.001,-0.0010664259316399693,19,27,82
533,0.04934975504875183,0.001,-0.0002122427977155894,34,20,74
534,0.02172524482011795,0.001,-0.0010036928579211235,24,18,86
535,0.015658020973205566,0.001,-0.0010002605849877,26,20,82
536,0.013072775676846504,0.001,0.0012186658568680286,22,29,77
537,0.027282187715172768,0.001,-8.830742444843054e-05,21,20,87
538,0.024981003254652023,0.001,1.1781230568885803e-07,32,20,76
539,0.009040486067533493,0.001,2.7414876967668533e-05,21,19,88
540,0.013777080923318863,0.001,-0.0010526913683861494,25,20,83
541,0.020945165306329727,0.001,0.0002252791018690914,22,22,84
542,0.017135044559836388,0.001,-0.00032498803921043873,28,21,79
543,0.006040865555405617,0.001,-0.0005834749899804592,25,21,82
544,0.011004876345396042,0.001,-0.0010013383580371737,27,18,83
545,0.013273068703711033,0.001,0.0006024155300110579,20,23,85
546,0.012245072983205318,0.001,0.0008023912087082863,23,25,80
547,0.007579633500427008,0.001,0.00015925033949315548,24,22,82
548,0.008844103664159775,0.001,-0.0003845125902444124,12,32,84
549,0.0160642359405756,0.001,-0.002801721915602684,22,24,82
550,0.012502800673246384,0.001,-0.0011357980547472835,19,14,95
551,0.009709730744361877,0.001,-0.00045263758511282504,22,25,81
552,0.00616313423961401,0.001,-0.0005604582838714123,19,14,95
553,0.008311528712511063,0.001,-2.7785979909822345e-05,23,25,80
554,0.013901225291192532,0.001,-0.0004610201285686344,21,17,90
555,0.007569105830043554,0.001,-0.002277394523844123,22,20,86
556,0.005424225237220526,0.001,-0.0014056527288630605,29,18,81
557,0.006088576279580593,0.001,-0.00030600695754401386,16,24,88
558,0.009107200428843498,0.001,-0.0005464059649966657,19,12,97
559,0.00848405621945858,0.001,-0.00031974067678675056,20,22,86
560,0.005343838594853878,0.001,-0.0007151335012167692,20,22,86
561,0.002865657676011324,0.001,-1.219549449160695e-05,16,15,97
562,0.006436555180698633,0.001,-0.00044449561391957104,22,17,89
563,0.00806618295609951,0.001,0.000125377657241188,24,17,87
564,0.004272942431271076,0.001,-0.0006700220401398838,21,18,89
565,0.0036711215507239103,0.001,-0.001481619430705905,17,21,90
566,0.00427144393324852,0.001,5.453103221952915e-05,17,16,95
567,0.006501391530036926,0.001,-0.000678888987749815,26,18,84
568,0.005310551729053259,0.001,-0.0012242194497957826,21,20,87
569,0.0036378330551087856,0.001,-0.0001962399110198021,14,19,95
570,0.0038780004251748323,0.001,-0.0012942239409312606,20,19,89
571,0.003959439694881439,0.001,-6.018538260832429e-05,16,22,90
572,0.006340886931866407,0.001,-0.0004905519308522344,23,17,88
573,0.004345697350800037,0.001,-0.0016145072877407074,27,17,84
574,0.0036643645726144314,0.001,-0.002161893527954817,15,17,96
575,0.003946051467210054,0.001,-0.0012759077362716198,19,23,86
576,0.003722111927345395,0.001,0.0006305011338554323,23,20,85
577,0.0034423694014549255,0.001,-0.0008138869889080524,18,17,93
578,0.004429588094353676,0.001,0.0015905372565612197,19,19,90
579,0.0034069966059178114,0.001,-0.001541032688692212,24,18,86
580,0.0031024287454783916,0.001,-0.0011102702701464295,13,20,95
581,0.00364473438821733,0.001,-0.0004148775478824973,22,23,83
582,0.0036319768987596035,0.001,-0.002538129221647978,22,28,78
583,0.003038514405488968,0.001,-0.0013308650813996792,20,25,83
584,0.004604147281497717,0.001,0.00016145544941537082,23,23,82
585,0.0045130616053938866,0.001,-0.0016474653966724873,29,11,88
586,0.003430541604757309,0.001,-0.0018855620874091983,18,23,87
587,0.004791302606463432,0.001,5.861843237653375e-05,23,25,80
588,0.005716691724956036,0.001,-0.0006866296753287315,24,16,88
589,0.0030804877169430256,0.001,-0.0008623552275821567,17,15,96
590,0.003160112304612994,0.001,-0.0016860243631526828,19,14,95
591,0.003756260499358177,0.001,-0.00024074770044535398,21,17,90
592,0.004121609032154083,0.001,-0.0005339403287507594,22,19,87
593,0.0037038405425846577,0.001,-0.0020662625320255756,19,25,84
594,0.0032298872247338295,0.001,-0.001506808795966208,18,21,89
595,0.002305669477209449,0.001,0.00029347394593060017,21,21,86
596,0.002739640884101391,0.001,-0.00044637086102738976,21,17,90
597,0.0026769349351525307,0.001,-0.0008586131734773517,14,27,87
598,0.0018983033951371908,0.001,-0.002558598294854164,17,14,97
599,0.003248021937906742,0.001,0.00023652310483157635,21,20,87
600,0.002302630804479122,0.001,0.0003813946677837521,20,19,89
601,0.004062060732394457,0.001,0.001157288672402501,25,18,85
602,0.0031022531911730766,0.001,-0.00014064516290090978,22,17,89
603,0.004242883529514074,0.001,0.001744631095789373,23,22,83
604,0.0030391011387109756,0.001,-0.0007207292364910245,21,19,88
605,0.0036284825764596462,0.001,0.001125055248849094,20,22,86
606,0.004807332064956427,0.001,-0.0013986064586788416,27,24,77
607,0.002524202223867178,0.001,-0.0008584153838455677,25,19,84
608,0.002184092067182064,0.001,0.0008671021787449718,25,24,79
609,0.005467694252729416,0.001,-1.3293756637722254e-06,25,20,83
610,0.004546414129436016,0.001,-0.0002647662768140435,20,24,84
611,0.003997405990958214,0.001,0.00041387323290109634,28,19,81
612,0.0027086944319307804,0.001,2.793151361402124e-05,22,21,85
613,0.00323999160900712,0.001,0.0010686794994398952,17,20,91
614,0.00493075093254447,0.001,-0.0025763623416423798,30,24,74
615,0.0024524563923478127,0.001,-0.0001771866955095902,20,22,86
616,0.0037362384609878063,0.001,0.00018287452985532582,26,22,80
617,0.005146506708115339,0.001,0.00037251581670716405,27,23,78
618,0.0029461390804499388,0.001,0.0017910957103595138,19,23,86
619,0.0061822813004255295,0.001,0.001150820404291153,28,14,86
620,0.003108032513409853,0.001,0.0004247151664458215,22,21,85
621,0.004746395628899336,0.001,-0.0009945174679160118,22,29,77
622,0.0031456712167710066,0.001,0.0011859112419188023,30,18,80
623,0.002605732064694166,0.001,0.0007220131810754538,26,20,82
624,0.003004287602379918,0.001,0.0018927801866084337,24,22,82
625,0.0046102507039904594,0.001,-0.00013013952411711216,18,27,83
626,0.005271171219646931,0.001,-0.0003984526847489178,22,20,86
627,0.0030455284286290407,0.001,-0.00029863938107155263,22,17,89
628,0.0031378651037812233,0.001,0.0011810834985226393,20,18,90
629,0.0037825279869139194,0.001,0.00048510811757296324,20,30,78
630,0.0038293744437396526,0.001,0.0018886637408286333,24,26,78
631,0.0025984328240156174,0.001,0.0005134799866937101,18,15,95
632,0.0026439069770276546,0.001,0.00014784326776862144,25,19,84
633,0.0049032187089324,0.001,0.0015052985399961472,21,15,92
634,0.0021438836120069027,0.001,-0.00022330228239297867,14,20,94
635,0.00319291721098125,0.001,-0.0007286279578693211,30,17,81
636,0.0027982941828668118,0.001,0.0002697702730074525,18,27,83
637,0.004629193339496851,0.001,0.0004217203240841627,24,22,82
638,0.0036928951740264893,0.001,0.000768692116253078,18,24,86
639,0.002668295055627823,0.001,-0.0002246662916149944,21,17,90
640,0.002944642212241888,0.001,0.0008818453061394393,17,24,87
641,0.00332307699136436,0.001,0.0005773118464276195,24,22,82
642,0.003797113662585616,0.001,0.001180918188765645,22,22,84
643,0.0024155708961188793,0.001,-9.74812573986128e-05,28,23,77
644,0.0023162118159234524,0.001,0.0004167277947999537,17,22,89
645,0.001980035100132227,0.001,0.000781603273935616,22,16,90
646,0.003999787382781506,0.001,0.0010095590259879827,26,16,86
647,0.0028679235838353634,0.001,-0.0005140493740327656,16,23,89
648,0.0024980492889881134,0.001,0.00015127059305086732,19,17,92
649,0.0019006547518074512,0.001,0.0007795803248882294,20,19,89
650,0.005111662670969963,0.001,-0.00014646939234808087,27,24,77
651,0.0026365502271801233,0.001,-1.5254889149218798e-05,16,23,89
652,0.001996333012357354,0.001,-0.0014688803348690271,15,19,94
653,0.003296120557934046,0.001,0.0002924374712165445,20,20,88
654,0.0015952589455991983,0.001,0.0009933573892340064,20,16,92
655,0.0023480160161852837,0.001,0.000451400555903092,17,26,85
656,0.0022221754770725965,0.001,-0.0009800714906305075,23,20,85
657,0.0025871312245726585,0.001,0.0008252384141087532,18,20,90
658,0.002370958449319005,0.001,0.0005484275170601904,21,21,86
659,0.002370120957493782,0.001,-0.0012613097205758095,27,16,85
660,0.003307209350168705,0.001,0.00027363825938664377,30,18,80
661,0.0029748575761914253,0.001,-8.855250780470669e-05,24,24,80
662,0.0032724591437727213,0.001,0.0005783430533483624,23,20,85
663,0.002434535650536418,0.001,0.0007820278406143188,22,15,91
664,0.001973651582375169,0.001,0.0017133732326328754,16,19,93
665,0.0024503578897565603,0.001,-0.0005762704531662166,28,23,77
666,0.002631373004987836,0.001,-0.0005433184560388327,20,26,82
667,0.005275625269860029,0.001,0.0007314526592381299,31,15,82
668,0.0024455867242068052,0.001,0.0010199460666626692,27,18,83
669,0.0027819834649562836,0.001,0.0006057950668036938,26,26,76
670,0.0019775074906647205,0.001,0.00029732860275544226,13,22,93
671,0.0024969466030597687,0.001,0.0002660054888110608,25,26,77
672,0.00213002716191113,0.001,-0.0007349111838266253,18,17,93
673,0.002491375431418419,0.001,0.001273524947464466,23,19,86
674,0.0019234555074945092,0.001,0.0003256010531913489,17,26,85
675,0.00390176335349679,0.001,0.0009751818142831326,19,30,79
676,0.002969886641949415,0.001,0.001041686162352562,19,24,85
677,0.003300946671515703,0.001,-0.0004121952806599438,21,28,79
678,0.0024056611582636833,0.001,0.0006403502775356174,22,21,85
679,0.0024507760535925627,0.001,-0.00021367741283029318,22,15,91
680,0.0022933045402169228,0.001,0.0009397822432219982,18,23,87
681,0.0020546740852296352,0.001,0.0002881716354750097,26,19,83
682,0.0024705794639885426,0.001,-3.632424341049045e-05,14,24,90
683,0.004030138254165649,0.001,0.0007516707992181182,24,20,84
684,0.003936281427741051,0.001,0.0010615987703204155,23,21,84
685,0.0021176154259592295,0.001,0.0008472704794257879,16,22,90
686,0.004324648529291153,0.001,-0.000895851175300777,23,20,85
687,0.0021695769391953945,0.001,0.000308652815874666,18,14,96
688,0.0027272063307464123,0.001,-0.00024401338305324316,19,22,87
689,0.00213870732113719,0.001,-0.00011933391215279698,23,17,88
690,0.0022791188675910234,0.001,0.00019224704010412097,18,26,84
691,0.002928691217675805,0.001,-0.0010009418474510312,22,14,92
692,0.002910064533352852,0.001,1.074347528629005e-05,28,23,77
693,0.002182680182158947,0.001,0.0005361547227948904,21,21,86
694,0.0037110354751348495,0.001,-0.0008894887287169695,26,22,80
695,0.004047627095133066,0.001,0.00019007452647201717,26,20,82
696,0.0022600851953029633,0.001,0.0018562809564173222,23,24,81
697,0.0014899424277245998,0.001,-0.0011603264138102531,15,19,94
698,0.0015137030277401209,0.001,-0.00022867298685014248,24,16,88
699,0.003130611963570118,0.001,-7.636845111846924e-05,23,16,89
700,0.0031047924421727657,0.001,-0.00012552933185361326,20,23,85
701,0.0024521779268980026,0.001,-0.0016043016221374273,22,22,84
702,0.0035893721505999565,0.001,-0.0012971314135938883,20,20,88
703,0.0027192491106688976,0.001,-0.0009689542930573225,22,25,81
704,0.002182209398597479,0.001,-7.707028998993337e-05,18,26,84
705,0.00215972145088017,0.001,-0.0012803362915292382,19,21,88
706,0.0020978793036192656,0.001,-0.0010082749649882317,22,20,86
707,0.0035687144845724106,0.001,0.0012955782003700733,26,20,82
708,0.0022357048001140356,0.001,-0.0025429679080843925,24,21,83
709,0.0033446322195231915,0.001,-0.00024069781647995114,25,25,78
710,0.0031204181723296642,0.001,-0.0002298771869391203,25,19,84
711,0.0025490527041256428,0.001,-0.0019627311266958714,24,20,84
712,0.003136295359581709,0.001,-0.002399708144366741,23,27,78
713,0.0026586060412228107,0.001,-0.0012647296534851193,18,22,88
714,0.0031225387938320637,0.001,-0.00026394001906737685,27,23,78
715,0.0020627956837415695,0.001,0.0009263913962058723,28,16,84
716,0.001435497310012579,0.001,-0.0005480135441757739,20,28,80
717,0.0024016164243221283,0.001,0.0004403234925121069,23,12,93
718,0.002518261782824993,0.001,-0.001806738437153399,23,23,82
719,0.0025280872359871864,0.001,0.0006631689611822367,21,24,83
720,0.0024259164929389954,0.001,-0.000751922489143908,20,21,87
721,0.001573109650053084,0.001,0.0015209265984594822,14,22,92
722,0.003299417905509472,0.001,-0.0007180999382399023,25,15,88
723,0.002607650589197874,0.001,-0.0008726012893021107,26,16,86
724,0.0031039007008075714,0.001,0.0009819522965699434,25,18,85
725,0.0030565576162189245,0.001,0.000299164152238518,28,21,79
726,0.0016585427802056074,0.001,-0.0007527942070737481,20,22,86
727,0.002352203242480755,0.001,-0.001098910695873201,26,22,80
728,0.002476456807926297,0.001,0.00010747136548161507,24,21,83
729,0.002084410050883889,0.001,-0.0017296086298301816,16,19,93
730,0.0019485405646264553,0.001,0.00039583368925377727,26,16,86
731,0.002367946319282055,0.001,-0.0005920494440943003,26,20,82
732,0.002107327338308096,0.001,-0.0007041724165901542,27,23,78
733,0.002292015589773655,0.001,-0.0011230309028178453,23,28,77
734,0.002349001355469227,0.001,0.00010857981396839023,21,21,86
735,0.002086579566821456,0.001,-0.0004550442681647837,25,22,81
736,0.0020844785030931234,0.001,-0.001379096764139831,22,23,83
737,0.002146876882761717,0.001,-0.00033251798595301807,21,20,87
738,0.0021206920500844717,0.001,-0.0007863444625400007,26,18,84
739,0.002123587764799595,0.001,0.0002474981884006411,15,22,91
740,0.003197284648194909,0.001,4.954841278959066e-05,25,21,82
741,0.0014386560069397092,0.001,-0.0013002713676542044,22,24,82
742,0.001980841625481844,0.001,-0.00014338514301925898,14,15,99
743,0.004292342346161604,0.001,-3.7821067962795496e-05,25,23,80
744,0.0020731347613036633,0.001,0.00019582349341362715,20,25,83
745,0.002566640730947256,0.001,-0.0018984867492690682,21,20,87
746,0.002256012987345457,0.001,-0.0007035249727778137,19,18,91
747,0.003669432131573558,0.001,-0.0009722144459374249,21,24,83
748,0.002196845831349492,0.001,0.0002528401673771441,21,25,82
749,0.002114885952323675,0.001,-0.00043386814650148153,22,28,78
750,0.30548661947250366,0.001,0.0017486121505498886,24,25,79
751,0.08079814165830612,0.001,7.60015391279012e-05,27,17,84
752,0.2150469720363617,0.001,0.0005959624540992081,15,23,90
753,0.32914817333221436,0.001,7.942202500998974e-05,22,18,88
754,0.1782703846693039,0.001,-0.00038638029946014285,20,20,88
755,0.12151690572500229,0.001,0.0006276591448113322,25,16,87
756,0.17363190650939941,0.001,0.00047778754378668964,20,19,89
757,0.17887823283672333,0.001,0.0013788086362183094,19,24,85
758,0.18246996402740479,0.001,0.0004750788793899119,19,23,86
759,0.06856955587863922,0.001,-0.00015692325541749597,21,23,84
760,0.1786615252494812,0.001,0.0016355696134269238,25,17,86
761,0.1237812265753746,0.001,0.0011381424264982343,23,22,83
762,0.15861716866493225,0.001,0.0007229693001136184,25,21,82
763,0.03921699896454811,0.001,0.0004992622416466475,21,16,91
764,0.1458071917295456,0.001,0.0006316251819953322,24,15,89
765,0.06294241547584534,0.001,0.0007567130960524082,19,17,92
766,0.09726746380329132,0.001,7.471063145203516e-05,19,20,89
767,0.02837962657213211,0.001,0.0006791997002437711,24,28,76
768,0.12561899423599243,0.001,0.000702806340996176,16,18,94
769,0.06783309578895569,0.001,0.0009827567264437675,20,13,95
770,0.081490159034729,0.001,0.001000098534859717,23,19,86
771,0.019143514335155487,0.001,-0.00041135938954539597,20,19,89
772,0.07432422786951065,0.001,0.0013753044186159968,17,21,90
773,0.03893402963876724,0.001,0.0019864016212522984,20,22,86
774,0.04961279034614563,0.001,-0.0002458315866533667,20,22,86
775,0.01763823628425598,0.001,-0.0009262499515898526,26,27,75
776,0.06136699020862579,0.001,0.00028506224043667316,21,22,85
777,0.017710359767079353,0.001,0.0019266775343567133,26,22,80
778,0.04217849671840668,0.001,-8.340046042576432e-05,29,18,81
779,0.009363318793475628,0.001,-0.00044525705743581057,26,18,84
780,0.04456052929162979,0.001,-0.0006840293062850833,23,23,82
781,0.005853030830621719,0.001,-0.00043503023334778845,19,18,91
782,0.033147379755973816,0.001,0.00026798603357747197,21,21,86
783,0.003442081157118082,0.001,0.0012489529326558113,22,18,88
784,0.028063617646694183,0.001,0.00038376153679564595,29,25,74
785,0.006654446013271809,0.001,0.0002251976984553039,17,28,83
786,0.016393259167671204,0.001,0.0008127723122015595,25,29,74
787,0.010582986287772655,0.001,0.0011148442281410098,24,18,86
788,0.01595189794898033,0.001,-0.0005244452622719109,16,22,90
789,0.009175915271043777,0.001,-0.00098454300314188,18,23,87
790,0.013952519744634628,0.001,-0.00020258023869246244,21,22,85
791,0.006250480655580759,0.001,0.0004666079767048359,26,21,81
792,0.009930637665092945,0.001,0.0003443111781962216,22,17,89
793,0.0037801850121468306,0.001,-0.00010435146396048367,11,18,99
794,0.007928325794637203,0.001,0.0009700590744614601,21,23,84
795,0.005114851985126734,0.001,-0.0006442621233873069,31,25,72
796,0.007459474727511406,0.001,0.000174596905708313,24,20,84
797,0.00617348775267601,0.001,0.0007550845621153712,30,11,87
798,0.007376356981694698,0.001,7.712593651376665e-05,23,26,79
799,0.005713765509426594,0.001,-0.0005310449050739408,17,24,87
800,0.008830791339278221,0.001,0.001468420261517167,22,27,79
801,0.004979717545211315,0.001,-4.8572197556495667e-05,26,20,82
802,0.006397435441613197,0.001,0.001794838230125606,20,32,76
803,0.0055492352694272995,0.001,0.0016407961957156658,18,18,92
804,0.004573584534227848,0.001,-0.0001629939943086356,14,20,94
805,0.003574622329324484,0.001,-3.531979746185243e-05,19,20,89
806,0.00500781275331974,0.001,0.000231986865401268,20,19,89
807,0.0032666297629475594,0.001,0.0003544313949532807,15,25,88
808,0.00416246522217989,0.001,0.001177795697003603,19,24,85
809,0.002790879923850298,0.001,6.052938988432288e-05,18,30,80
810,0.004622755106538534,0.001,0.0004123854450881481,24,18,86
811,0.003191047813743353,0.001,-2.730521373450756e-06,25,21,82
812,0.003585830796509981,0.001,0.0009726671269163489,23,24,81
813,0.003624565899372101,0.001,-0.0008916810620576143,24,23,81
814,0.0031998776830732822,0.001,0.0009441309375688434,27,25,76
815,0.0037726224400103092,0.001,2.72811739705503e-05,11,20,97
816,0.005184546113014221,0.001,0.0005168328643776476,22,18,88
817,0.0031801918521523476,0.001,0.00017337279859930277,25,17,86
818,0.004710701759904623,0.001,-0.0004046100366394967,19,23,86
819,0.002441593911498785,0.001,-0.0006978287128731608,16,25,87
820,0.005374511703848839,0.001,-9.240239160135388e-05,22,31,75
821,0.0025675734505057335,0.001,0.002074797637760639,18,21,89
822,0.0035151466727256775,0.001,-4.268542397767305e-06,21,19,88
823,0.0038087000139057636,0.001,-0.0003884886100422591,18,20,90
824,0.004667157772928476,0.001,0.0011582757579162717,22,24,82
825,0.001994557213038206,0.001,-0.0002857474028132856,23,18,87
826,0.0032703853212296963,0.001,0.0010433087591081858,24,20,84
827,0.0034608417190611362,0.001,0.0006327487644739449,15,21,92
828,0.0028040786273777485,0.001,-0.0006022659363225102,23,18,87
829,0.0022532783914357424,0.001,0.00038514018524438143,26,13,89
830,0.003050851635634899,0.001,0.0007928145350888371,24,17,87
831,0.004704849794507027,0.001,0.0004346814821474254,24,19,85
832,0.002634738339111209,0.001,5.038807285018265e-05,24,18,86
833,0.002805922646075487,0.001,0.0007360605522990227,22,22,84
834,0.004069802351295948,0.001,0.0004936184268444777,20,21,87
835,0.001976617146283388,0.001,0.0007613124907948077,11,23,94
836,0.003933379892259836,0.001,-0.0004948228597640991,21,18,89
837,0.002452356740832329,0.001,0.0009217984625138342,19,23,86
838,0.0025538087356835604,0.001,0.0009053234825842083,16,21,91
839,0.004066189751029015,0.001,-0.0009646422113291919,27,19,82
840,0.003634581808000803,0.001,-0.0001379597233608365,13,20,95
841,0.0022685930598527193,0.001,0.0005735239828936756,24,19,85
842,0.004610066302120686,0.001,0.0017103932332247496,17,34,77
843,0.0025567086413502693,0.001,0.0010140631347894669,19,21,88
844,0.0048087844625115395,0.001,-0.00014859516522847116,22,23,83
845,0.0018685201648622751,0.001,0.0007104354444891214,23,19,86
846,0.002531459555029869,0.001,0.00021202006610110402,18,26,84
847,0.004075276665389538,0.001,0.0005532423965632915,29,17,82
848,0.0034592836163938046,0.001,-0.0009298981167376041,20,18,90
849,0.0032230166252702475,0.001,0.0007774370023980737,25,27,76
850,0.0008739458862692118,0.001,0.010395009070634842,0,0,128
851,0.0010624222923070192,0.001,0.010818421840667725,0,1,127
852,0.0008467829320579767,0.001,0.010118002071976662,0,1,127
853,0.0011264494387432933,0.001,0.010956874117255211,1,1,126
854,0.0017451092135161161,0.001,0.010496385395526886,3,2,123
855,0.0009393547661602497,0.001,0.010679556988179684,0,0,128
856,0.000800698937382549,0.001,0.01111074909567833,2,2,124
857,0.0009557113517075777,0.001,0.011992871761322021,1,0,127
858,0.001034303568303585,0.001,0.011689035221934319,2,2,124
859,0.0005150228971615434,0.001,0.010908779688179493,0,1,127
860,0.0007848723325878382,0.001,0.012497613206505775,0,0,128
861,0.0012404154986143112,0.001,0.009870156645774841,2,2,124
862,0.0008717405144125223,0.001,0.00986911728978157,1,0,127
863,0.0007665486773476005,0.001,0.008872421458363533,2,2,124
864,0.0009533038828521967,0.001,0.010761566460132599,1,0,127
865,0.0009884805185720325,0.001,0.008373955264687538,0,0,128
866,0.0011285850778222084,0.001,0.011859974823892117,1,0,127
867,0.0008325806702487171,0.001,0.009544981643557549,1,1,126
868,0.0013321966398507357,0.001,0.01242052111774683,1,1,126
869,0.0007567207794636488,0.001,0.01211396511644125,0,1,127
870,0.000982071622274816,0.001,0.011466296389698982,2,1,125
871,0.000569108291529119,0.001,0.011008886620402336,2,0,126
872,0.0007905714446678758,0.001,0.012730846181511879,0,1,127
873,0.0009309548768214881,0.001,0.010259619913995266,1,2,125
874,0.0007248448091559112,0.001,0.010905304923653603,0,2,126
875,0.0009081654134206474,0.001,0.008842604234814644,1,1,126
876,0.0010127166751772165,0.001,0.012115346267819405,3,1,124
877,0.0007730690413154662,0.001,0.010663795284926891,1,1,126
878,0.0008752578869462013,0.001,0.0102560855448246,2,3,123
879,0.0008496561204083264,0.001,0.009451743215322495,2,1,125
880,0.0005916785448789597,0.001,0.011732371523976326,0,0,128
881,0.000733353546820581,0.001,0.011233225464820862,1,0,127
882,0.0008672504918649793,0.001,0.011029410175979137,1,0,127
883,0.0009022008161991835,0.001,0.011514067649841309,1,0,127
884,0.0008988728513941169,0.001,0.01202086266130209,2,0,126
885,0.0007964717806316912,0.001,0.01028905063867569,1,1,126
886,0.0008556682732887566,0.001,0.00992791261523962,0,0,128
887,0.0009859295096248388,0.001,0.013770923018455505,1,1,126
888,0.0006598951877094805,0.001,0.009575897827744484,1,1,126
889,0.0010465808445587754,0.001,0.012010559439659119,0,0,128
890,0.001305273501202464,0.001,0.009909717366099358,3,2,123
891,0.0008997386903502047,0.001,0.011180562898516655,2,0,126
892,0.0009727433207444847,0.001,0.007993128150701523,1,1,126
893,0.0008079769904725254,0.001,0.010771114379167557,0,0,128
894,0.0009041714947670698,0.001,0.011334219947457314,0,1,127
895,0.0008501536794938147,0.001,0.010047314688563347,0,2,126
896,0.0006893840036354959,0.001,0.011671984568238258,2,1,125
897,0.0006634274031966925,0.001,0.010535539127886295,2,3,123
898,0.0007203716668300331,0.001,0.010705867782235146,1,1,126
899,0.0006717086653225124,0.001,0.010358333587646484,0,2,126
900,0.0009061157470569015,0.001,0.005380286835134029,1,3,124
901,0.001341966213658452,0.001,0.006708163768053055,1,1,126
902,0.0013540280051529408,0.001,0.0055189430713653564,2,1,125
903,0.0007598632364533842,0.001,0.005575164221227169,2,2,124
904,0.0011606556363403797,0.001,0.00472027063369751,0,0,128
905,0.002334105782210827,0.001,0.004194160923361778,2,2,124
906,0.001964510651305318,0.001,0.005722534842789173,1,1,126
907,0.0008306959643959999,0.001,0.004968765191733837,1,1,126
908,0.0008847563294693828,0.001,0.00558314798399806,1,1,126
909,0.0016122367233037949,0.001,0.004292839206755161,2,1,125
910,0.0018974686972796917,0.001,0.005172966979444027,1,2,125
911,0.0006867108168080449,0.001,0.006036491133272648,0,1,127
912,0.0007137776119634509,0.001,0.005555777810513973,1,0,127
913,0.0010455572046339512,0.001,0.005762924440205097,2,1,125
914,0.000800142646767199,0.001,0.005132467020303011,1,1,126
915,0.0013447474921122193,0.001,0.00507210660725832,1,1,126
916,0.0013592214090749621,0.001,0.0053149377927184105,1,0,127
917,0.0010080710053443909,0.001,0.005763739347457886,1,1,126
918,0.0007689905469305813,0.001,0.005879214033484459,0,0,128
919,0.00155818578787148,0.001,0.0056993914768099785,2,1,125
920,0.0015048463828861713,0.001,0.0061785513535141945,1,2,125
921,0.0007745418115518987,0.001,0.0051914965733885765,1,0,127
922,0.0011851666495203972,0.001,0.005355655215680599,1,0,127
923,0.0022933229338377714,0.001,0.00566706620156765,0,0,128
924,0.001733007375150919,0.001,0.006324513349682093,0,2,126
925,0.0010011947015300393,0.001,0.006290382705628872,3,0,125
926,0.0005735063459724188,0.001,0.004380399826914072,0,0,128
927,0.0007514533353969455,0.001,0.005423755384981632,3,4,121
928,0.0007877955213189125,0.001,0.00576787581667304,2,2,124
929,0.0009748446755111217,0.001,0.0041758958250284195,1,2,125
930,0.0011729351244866848,0.001,0.006020757369697094,2,4,122
931,0.0009251695591956377,0.001,0.006469999440014362,3,2,123
932,0.000875437050126493,0.001,0.004510295111685991,0,3,125
933,0.0008816623012535274,0.001,0.006120200268924236,2,2,124
934,0.001529779750853777,0.001,0.004747381433844566,1,1,126
935,0.001776144141331315,0.001,0.007049617823213339,0,1,127
936,0.0006358065293170512,0.001,0.006272696424275637,2,1,125
937,0.0013752976665273309,0.001,0.004092704504728317,0,0,128
938,0.0028098979964852333,0.001,0.004931512754410505,2,1,125
939,0.0010996190831065178,0.001,0.005124247632920742,0,1,127
940,0.0009739060187712312,0.001,0.005498846061527729,0,1,127
941,0.00236501800827682,0.001,0.005861814133822918,1,3,124
942,0.0013878120807930827,0.001,0.006521852221339941,0,0,128
943,0.0006590670673176646,0.001,0.006203917786478996,0,0,128
944,0.001384507748298347,0.001,0.005569516681134701,0,0,128
945,0.0013173372717574239,0.001,0.0056241159327328205,1,1,126
946,0.0007648373139090836,0.001,0.005604004953056574,1,1,126
947,0.0008635690319351852,0.001,0.0051781367510557175,2,3,123
948,0.0012237861519679427,0.001,0.005638845264911652,0,1,127
949,0.000835677026771009,0.001,0.007153430953621864,0,1,127
950,0.0005844109691679478,0.001,0.002919441554695368,1,0,127
951,0.000819015025626868,0.001,0.006767969578504562,0,1,127
952,0.0006187562830746174,0.001,0.003991187084466219,1,1,126
953,0.0008513506036251783,0.001,0.005187592469155788,1,2,125
954,0.0006058959988877177,0.001,0.0055659739300608635,1,0,127
955,0.0005062981508672237,0.001,0.005947929807007313,0,0,128
956,0.00044747049105353653,0.001,0.006195446476340294,2,2,124
957,0.0005188736249692738,0.001,0.004776954650878906,0,0,128
958,0.0006974045536480844,0.001,0.0065817562863230705,0,0,128
959,0.0007769783260300756,0.001,0.00640443991869688,2,0,126
960,0.000609376875218004,0.001,0.004993407987058163,2,1,125
961,0.0007504159584641457,0.001,0.004427953623235226,0,3,125
962,0.001052915002219379,0.001,0.004573692101985216,1,1,126
963,0.0008044973947107792,0.001,0.006359449587762356,0,1,127
964,0.0014148001791909337,0.001,0.004867943003773689,2,0,126
965,0.002953391522169113,0.001,0.006404160521924496,1,0,127
966,0.0032144621945917606,0.001,0.005182736553251743,2,0,126
967,0.0016517299227416515,0.001,0.0042731426656246185,3,1,124
968,0.0006264019757509232,0.001,0.004678352270275354,0,0,128
969,0.002604338340461254,0.001,0.0069619277492165565,0,2,126
970,0.003565850667655468,0.001,0.005112962331622839,2,1,125
971,0.0017182249575853348,0.001,0.005558190867304802,1,0,127
972,0.0006803207797929645,0.001,0.0055874306708574295,1,1,126
973,0.0009778720559552312,0.001,0.006697436794638634,1,1,126
974,0.0008160655270330608,0.001,0.008202031254768372,1,1,126
975,0.0008735104347579181,0.001,0.0054075513035058975,1,1,126
976,0.0010476585011929274,0.001,0.005915394984185696,1,2,125
977,0.0019058200996369123,0.001,0.005152162164449692,1,2,125
978,0.0018662619404494762,0.001,0.005107893608510494,2,0,126
979,0.0008320256602019072,0.001,0.007481491193175316,0,1,127
980,0.0006652804440818727,0.001,0.004268282558768988,1,0,127
981,0.0013478407636284828,0.001,0.005175874102860689,1,0,127
982,0.0015992168337106705,0.001,0.004729040898382664,1,0,127
983,0.0014425668632611632,0.001,0.0052989209070801735,1,1,126
984,0.0009411422070115805,0.001,0.006116349250078201,1,0,127
985,0.0009170768898911774,0.001,0.005618039518594742,2,2,124
986,0.0008178587886504829,0.001,0.005059394054114819,0,0,128
987,0.0011676396243274212,0.001,0.004994667135179043,0,2,126
988,0.0014316542074084282,0.001,0.004516349174082279,3,1,124
989,0.00095239223446697,0.001,0.006474097725003958,0,1,127
990,0.0005361615330912173,0.001,0.006097325589507818,4,0,124
991,0.0009404710144735873,0.001,0.004545813426375389,1,0,127
992,0.0015919513534754515,0.001,0.002928265370428562,1,2,125
993,0.0015382699202746153,0.001,0.005041698459535837,1,1,126
994,0.0006798611721023917,0.001,0.00511257303878665,0,2,126
995,0.0007769603980705142,0.001,0.004663657397031784,0,2,126
996,0.0007765833288431168,0.001,0.005872935056686401,4,1,123
997,0.0004909783019684255,0.001,0.004642085172235966,0,1,127
998,0.0007144537521526217,0.001,0.006576999090611935,0,2,126
999,0.0008805789984762669,0.001,0.004971647169440985,1,1,126
1000,0.04740620777010918,0.001,0.0024298480711877346,0,1,127
1001,0.30248451232910156,0.001,0.0029791768174618483,1,1,126
1002,0.39219599962234497,0.001,0.0019747528713196516,2,3,123
1003,0.09642444550991058,0.001,0.001221806975081563,0,0,128
1004,0.022891689091920853,0.001,0.0017175320535898209,0,0,128
1005,0.243193119764328,0.001,0.0009943260811269283,1,1,126
1006,0.27752846479415894,0.001,0.002782382071018219,2,0,126
1007,0.05332743376493454,0.001,0.0019086910178884864,1,1,126
1008,0.031103035435080528,0.001,0.003036764683201909,0,0,128
1009,0.1920395791530609,0.001,0.0007960296934470534,0,0,128
1010,0.21562623977661133,0.001,0.0024614576250314713,2,0,126
1011,0.058842141181230545,0.001,0.00314556946977973,0,1,127
1012,0.013254267163574696,0.001,0.001643515657633543,1,0,127
1013,0.1426953673362732,0.001,0.0019685409497469664,1,1,126
1014,0.14334070682525635,0.001,0.0027653411962091923,1,1,126
1015,0.015954909846186638,0.001,0.0009568547829985619,1,1,126
1016,0.03064141795039177,0.001,0.0024727412965148687,1,0,127
1017,0.11338498443365097,0.001,0.002461021300405264,5,1,122
1018,0.06803915649652481,0.001,0.0037688971497118473,1,1,126
1019,0.0023846018593758345,0.001,0.0023439882788807154,0,1,127
1020,0.03470468148589134,0.001,0.0022694531362503767,0,1,127
1021,0.08514407277107239,0.001,0.0021822156850248575,0,1,127
1022,0.04902389645576477,0.001,0.002185709774494171,2,0,126
1023,0.0016819091979414225,0.001,0.002585245994850993,0,0,128
1024,0.023967158049345016,0.001,0.0016168926376849413,0,2,126
1025,0.048101551830768585,0.001,0.0018707108683884144,2,2,124
1026,0.011368721723556519,0.001,0.00301949679851532,0,2,126
1027,0.004894358571618795,0.001,0.001984428148716688,3,1,124
1028,0.03194377198815346,0.001,0.0025152142625302076,1,1,126
1029,0.02763599343597889,0.001,0.0024437906686216593,0,0,128
1030,0.00225561810657382,0.001,0.0010490759741514921,0,0,128
1031,0.009616663679480553,0.001,0.0018824995495378971,2,0,126
1032,0.02501751109957695,0.001,0.0018393172649666667,3,1,124
1033,0.011427326127886772,0.001,0.0016910546692088246,0,1,127
1034,0.0006930879899300635,0.001,0.002534753642976284,0,0,128
1035,0.01027627568691969,0.001,0.0030862705316394567,0,1,127
1036,0.01320746261626482,0.001,0.002598398830741644,1,1,126
1037,0.0031663309782743454,0.001,0.0023427801206707954,3,2,123
1038,0.002909059403464198,0.001,0.0022050971165299416,3,0,125
1039,0.01285765040665865,0.001,0.0017077599186450243,3,0,125
1040,0.010205630213022232,0.001,0.002100856974720955,2,2,124
1041,0.0010067722760140896,0.001,0.000880917243193835,1,0,127
1042,0.005547338631004095,0.001,0.0017971935449168086,3,0,125
1043,0.013785464689135551,0.001,0.0030975802801549435,1,3,124
1044,0.0063331760466098785,0.001,0.0024710430298000574,0,1,127
1045,0.0007946024416014552,0.001,0.0018952962709590793,2,0,126
1046,0.0032542203553020954,0.001,0.001561993034556508,0,0,128
1047,0.005249262321740389,0.001,0.0018303522374480963,1,0,127
1048,0.002355314791202545,0.001,0.0020919095259159803,1,0,127
1049,0.0006514620035886765,0.001,0.0018559405580163002,1,3,124
1050,0.002263477537781,0.001,0.009918704628944397,0,2,126
1051,0.004814264364540577,0.001,0.009575997479259968,0,1,127
1052,0.003342751879245043,0.001,0.009182147681713104,1,1,126
1053,0.0009057715651579201,0.001,0.011476775631308556,0,1,127
1054,0.0013836154248565435,0.001,0.013325558044016361,2,1,125
1055,0.0020469047594815493,0.001,0.012360035441815853,0,2,126
1056,0.0015155726578086615,0.001,0.00937374122440815,1,0,127
1057,0.0007836796576157212,0.001,0.012459916062653065,1,0,127
1058,0.0008057079394347966,0.001,0.01068267971277237,4,3,121
1059,0.0007975833723321557,0.001,0.00961088016629219,0,1,127
1060,0.001305555459111929,0.001,0.010276549495756626,0,0,128
1061,0.0008865664713084698,0.001,0.012504605576395988,1,1,126
1062,0.0005768199916929007,0.001,0.010684475302696228,0,2,126
1063,0.0013252574717625976,0.001,0.010136296972632408,0,1,127
1064,0.0017460269154980779,0.001,0.011864202097058296,0,1,127
1065,0.00117224280256778,0.001,0.007883761078119278,1,1,126
1066,0.0006502135074697435,0.001,0.010171450674533844,1,0,127
1067,0.0009293186594732106,0.001,0.010884455405175686,1,1,126
1068,0.001171280164271593,0.001,0.010206656530499458,0,0,128
1069,0.0007343231700360775,0.001,0.011805461719632149,0,1,127
1070,0.0007889387779869139,0.001,0.01159628015011549,1,1,126
1071,0.0014562170254066586,0.001,0.010822946205735207,0,2,126
1072,0.001127319410443306,0.001,0.011164622381329536,0,3,125
1073,0.0006836638785898685,0.001,0.011829594150185585,0,0,128
1074,0.002118695294484496,0.001,0.008863477036356926,0,1,127
1075,0.002875854726880789,0.001,0.009824084118008614,0,1,127
1076,0.0017737122252583504,0.001,0.012465429492294788,0,2,126
1077,0.00039350439328700304,0.001,0.009305065497756004,0,0,128
1078,0.0014159734128043056,0.001,0.010393147356808186,0,0,128
1079,0.0026184450834989548,0.001,0.010622518137097359,3,1,124
1080,0.0018018551636487246,0.001,0.010845065116882324,2,1,125
1081,0.0007861656486056745,0.001,0.009960843250155449,1,1,126
1082,0.0009456528350710869,0.001,0.01006509829312563,1,0,127
1083,0.0017492033075541258,0.001,0.0121679175645113,1,1,126
1084,0.0015458157286047935,0.001,0.010934809222817421,1,0,127
1085,0.0011641830205917358,0.001,0.010675218887627125,3,0,125
1086,0.0006263397517614067,0.001,0.008736071176826954,0,0,128
1087,0.0006212344160303473,0.001,0.01077798567712307,1,3,124
1088,0.0007792192045599222,0.001,0.011455552652478218,1,2,125
1089,0.000828804331831634,0.001,0.012290846556425095,1,3,124
1090,0.0007969136349856853,0.001,0.012026123702526093,0,3,125
1091,0.0007886231178417802,0.001,0.01208869181573391,0,0,128
1092,0.000706905557308346,0.001,0.011218965984880924,0,0,128
1093,0.0005659513990394771,0.001,0.010953419841825962,1,1,126
1094,0.0006969270762056112,0.001,0.011347903870046139,1,3,124
1095,0.0006448692874982953,0.001,0.010705920867621899,2,0,126
1096,0.000610797549597919,0.001,0.011414420790970325,0,1,127
1097,0.0005945914890617132,0.001,0.011153707280755043,0,3,125
1098,0.0005481040570884943,0.001,0.012080498971045017,0,0,128
1099,0.0009688223362900317,0.001,0.011836433783173561,1,2,125
1100,0.0007874137372709811,0.001,0.013158414512872696,0,0,128
1101,0.0006042328896000981,0.001,0.013088303618133068,1,1,126
1102,0.0007227138848975301,0.001,0.014241336844861507,0,1,127
1103,0.0008124950109049678,0.001,0.011630658060312271,0,1,127
1104,0.002013562945649028,0.001,0.010706668719649315,1,0,127
1105,0.00298580015078187,0.001,0.013565059751272202,0,0,128
1106,0.0020490349270403385,0.001,0.012038137763738632,0,0,128
1107,0.0010813307017087936,0.001,0.013715986162424088,0,1,127
1108,0.0008639212464913726,0.001,0.013730723410844803,1,1,126
1109,0.0015697716735303402,0.001,0.011618769727647305,0,0,128
1110,0.0015163600910454988,0.001,0.013646310195326805,1,0,127
1111,0.000731911975890398,0.001,0.010983983054757118,1,0,127
1112,0.001534005394205451,0.001,0.012879748828709126,0,1,127
1113,0.003674059174954891,0.001,0.012249772436916828,1,0,127
1114,0.003971927799284458,0.001,0.010912906378507614,1,1,126
1115,0.0019198500085622072,0.001,0.01261141523718834,0,1,127
1116,0.0006383133586496115,0.001,0.012806352227926254,0,1,127
1117,0.001043169409967959,0.001,0.010635684244334698,0,1,127
1118,0.0017987142782658339,0.001,0.012514879927039146,1,0,127
1119,0.0008129572961479425,0.001,0.01123107224702835,0,2,126
1120,0.0006847915938124061,0.001,0.010756189003586769,0,0,128
1121,0.0014933537459000945,0.001,0.012444883584976196,0,1,127
1122,0.002288506831973791,0.001,0.013205291703343391,0,3,125
1123,0.001540460390970111,0.001,0.013456843793392181,0,0,128
1124,0.0006500520394183695,0.001,0.012395964935421944,0,0,128
1125,0.001369353150948882,0.001,0.011628326028585434,1,0,127
1126,0.004100234247744083,0.001,0.010282736271619797,0,1,127
1127,0.007216594647616148,0.001,0.013217944651842117,0,0,128
1128,0.005709294695407152,0.001,0.013849645853042603,0,3,125
1129,0.0014128289185464382,0.001,0.014304956421256065,2,1,125
1130,0.0011841912055388093,0.001,0.013152633793652058,2,0,126
1131,0.004521812312304974,0.001,0.011895108968019485,0,0,128
1132,0.005729063414037228,0.001,0.012163224630057812,1,0,127
1133,0.0033416911028325558,0.001,0.013212337158620358,0,1,127
1134,0.0005935078370384872,0.001,0.010606436990201473,1,0,127
1135,0.0019227329175919294,0.001,0.014028847217559814,1,0,127
1136,0.004525168798863888,0.001,0.012194279581308365,1,0,127
1137,0.005417330656200647,0.001,0.011641368269920349,1,0,127
1138,0.0038709104992449284,0.001,0.013369311578571796,0,0,128
1139,0.0013242175336927176,0.001,0.012875552289187908,3,0,125
1140,0.0008981736609712243,0.001,0.012685400433838367,1,0,127
1141,0.003914540633559227,0.001,0.012513332068920135,0,1,127
1142,0.007139919325709343,0.001,0.014387283474206924,1,2,125
1143,0.005301268305629492,0.001,0.011638322845101357,1,2,125
1144,0.002015124773606658,0.001,0.01137177087366581,0,0,128
1145,0.0005535028758458793,0.001,0.012257883325219154,1,1,126
1146,0.0013651313493028283,0.001,0.01157217938452959,1,1,126
1147,0.003365263808518648,0.001,0.01400570385158062,0,0,128
1148,0.004392100963741541,0.001,0.012004662305116653,0,1,127
1149,0.0033138536382466555,0.001,0.01155563723295927,1,2,125
1150,0.001335225417278707,0.001,0.01656133495271206,0,1,127
1151,0.000524613365996629,0.001,0.016987651586532593,0,0,128
1152,0.0011825140099972486,0.001,0.016715293750166893,0,0,128
1153,0.0018923222087323666,0.001,0.018254347145557404,0,1,127
1154,0.0012037717970088124,0.001,0.017504731193184853,2,0,126
1155,0.0005482687265612185,0.001,0.018056657165288925,2,1,125
1156,0.001580629963427782,0.001,0.016605909913778305,0,0,128
1157,0.0036926441825926304,0.001,0.016111940145492554,0,1,127
1158,0.004187110811471939,0.001,0.017217369750142097,1,0,127
1159,0.0026344507932662964,0.001,0.0186748206615448,0,2,126
1160,0.0008087469614110887,0.001,0.01722484827041626,1,0,127
1161,0.0008444187697023153,0.001,0.0169963538646698,0,0,128
1162,0.002739202929660678,0.001,0.015750793740153313,0,0,128
1163,0.0040183234959840775,0.001,0.016069408506155014,0,1,127
1164,0.004007644485682249,0.001,0.01573742926120758,0,0,128
1165,0.00225963001139462,0.001,0.017081748694181442,0,1,127
1166,0.0007512018783017993,0.001,0.01724003255367279,0,0,128
1167,0.000944744679145515,0.001,0.016599761322140694,0,0,128
1168,0.002497680252417922,0.001,0.016269132494926453,0,1,127
1169,0.003316102549433708,0.001,0.017692403867840767,0,1,127
1170,0.0029397746548056602,0.001,0.017891136929392815,0,1,127
1171,0.0012170742265880108,0.001,0.016487888991832733,0,0,128
1172,0.0005660621682181954,0.001,0.016570189967751503,0,1,127
1173,0.0007944616954773664,0.001,0.01601613685488701,0,0,128
1174,0.0022133360616862774,0.001,0.01716645061969757,1,1,126
1175,0.0032118952367454767,0.001,0.01825481653213501,1,1,126
1176,0.00285565503872931,0.001,0.01601588726043701,1,0,127
1177,0.001842886209487915,0.001,0.016558408737182617,0,0,128
1178,0.0007297288393601775,0.001,0.01566280424594879,1,1,126
1179,0.0007644266588613391,0.001,0.01760963350534439,0,0,128
1180,0.001873272703960538,0.001,0.015487758442759514,0,0,128
1181,0.0037554590962827206,0.001,0.017929695546627045,0,1,127
1182,0.0039863307029008865,0.001,0.015489690005779266,2,0,126
1183,0.002768001053482294,0.001,0.016636651009321213,0,1,127
1184,0.0011949825566262007,0.001,0.01634211838245392,1,0,127
1185,0.0004565080744214356,0.001,0.01556029636412859,1,0,127
1186,0.001073208055458963,0.001,0.016726594418287277,0,0,128
1187,0.0023621702566742897,0.001,0.01794125884771347,0,1,127
1188,0.0028592105954885483,0.001,0.016458874568343163,0,0,128
1189,0.0016798380529507995,0.001,0.017248716205358505,0,0,128
1190,0.0009817002573981881,0.001,0.015793943777680397,0,1,127
1191,0.0007602882105857134,0.001,0.017806634306907654,0,1,127
1192,0.000581335392780602,0.001,0.017012247815728188,2,0,126
1193,0.001304887467995286,0.001,0.017190977931022644,1,1,126
1194,0.002393156522884965,0.001,0.017055092379450798,0,0,128
1195,0.0025763935409486294,0.001,0.016805749386548996,0,1,127
1196,0.0020493618212640285,0.001,0.016493793576955795,1,0,127
1197,0.0012748691951856017,0.001,0.016370177268981934,0,1,127
1198,0.0009054254041984677,0.001,0.016607575118541718,1,1,126
1199,0.0004984365659765899,0.001,0.01667698472738266,0,0,128
1200,0.0004564092378132045,0.001,0.016396235674619675,0,2,126
1201,0.0004548586148303002,0.001,0.015315119177103043,1,1,126
1202,0.0015651261201128364,0.001,0.018452372401952744,1,1,126
1203,0.003475811332464218,0.001,0.016326025128364563,0,1,127
1204,0.0053987884894013405,0.001,0.01807759329676628,1,0,127
1205,0.004670966416597366,0.001,0.016932696104049683,0,0,128
1206,0.002657519653439522,0.001,0.017523260787129402,1,2,125
1207,0.0012962146429345012,0.001,0.015288185328245163,2,0,126
1208,0.0009550813701935112,0.001,0.01799701899290085,0,0,128
1209,0.0009741010144352913,0.001,0.01648687943816185,2,2,124
1210,0.001021270058117807,0.001,0.017714813351631165,0,1,127
1211,0.0009366025915369391,0.001,0.015849601477384567,1,0,127
1212,0.001243209233507514,0.001,0.015298239886760712,1,0,127
1213,0.0011962814023718238,0.001,0.017685240134596825,0,0,128
1214,0.0008445065468549728,0.001,0.015659775584936142,0,1,127
1215,0.0005016263457946479,0.001,0.015846431255340576,0,1,127
1216,0.0004432959540281445,0.001,0.01622505486011505,1,0,127
1217,0.0006893403478898108,0.001,0.018231138586997986,2,2,124
1218,0.0005370535072870553,0.001,0.01742624118924141,0,0,128
1219,0.0007188507588580251,0.001,0.017241299152374268,0,1,127
1220,0.0004196633235551417,0.001,0.015280992724001408,1,1,126
1221,0.0004232813371345401,0.001,0.016808608546853065,0,1,127
1222,0.0005985651514492929,0.001,0.016682881861925125,0,1,127
1223,0.0005198469152674079,0.001,0.01599111780524254,1,0,127
1224,0.00047675776295363903,0.001,0.016605308279395103,0,0,128
1225,0.0004857711319345981,0.001,0.015313690528273582,0,0,128
1226,0.0005410181474871933,0.001,0.016682883724570274,0,1,127
1227,0.0009851896902546287,0.001,0.015931786969304085,1,0,127
1228,0.002757306909188628,0.001,0.014008179306983948,1,0,127
1229,0.00673541659489274,0.001,0.016809988766908646,0,0,128
1230,0.009829659014940262,0.001,0.017484156414866447,0,0,128
1231,0.009622327983379364,0.001,0.018542218953371048,1,0,127
1232,0.005154049955308437,0.001,0.016339896246790886,1,2,125
1233,0.0010725321481004357,0.001,0.01916619762778282,1,0,127
1234,0.0017913810443133116,0.001,0.016372106969356537,1,0,127
1235,0.0094156414270401,0.001,0.01545859407633543,0,0,128
1236,0.024139948189258575,0.001,0.017830096185207367,0,0,128
1237,0.03665965795516968,0.001,0.015909701585769653,1,0,127
1238,0.04914397746324539,0.001,0.015192829072475433,2,1,125
1239,0.059323105961084366,0.001,0.016965946182608604,0,0,128
1240,0.06635144352912903,0.001,0.018291767686605453,0,1,127
1241,0.04964083433151245,0.001,0.017413489520549774,2,0,126
1242,0.02551773190498352,0.001,0.016530506312847137,0,1,127
1243,0.008156894706189632,0.001,0.016632482409477234,2,1,125
1244,0.0005064717261120677,0.001,0.01649313047528267,0,0,128
1245,0.003664183896034956,0.001,0.01749887317419052,0,0,128
1246,0.011759940534830093,0.001,0.01756328158080578,1,0,127
1247,0.02034705877304077,0.001,0.015506247989833355,0,0,128
1248,0.032061606645584106,0.001,0.016483597457408905,1,1,126
1249,0.04176199063658714,0.0002,0.015522187575697899,1,0,127
1250,0.0008727052481845021,0.0002,0.014225548133254051,2,0,126
1251,0.006098954472690821,0.0002,0.014440035447478294,0,3,125
1252,0.007635734509676695,0.0002,0.014431740157306194,1,2,125
1253,0.002000554697588086,0.0002,0.014589725993573666,0,2,126
1254,0.0019854134880006313,0.0002,0.015497155487537384,1,0,127
1255,0.006638694554567337,0.0002,0.015036771073937416,1,1,126
1256,0.0033977266866713762,0.0002,0.01541505753993988,0,1,127
1257,0.0005872051697224379,0.0002,0.015426332131028175,1,1,126
1258,0.004168513230979443,0.0002,0.01619834080338478,1,2,125
1259,0.0037867927458137274,0.0002,0.015306944027543068,0,0,128
1260,0.0008026435971260071,0.0002,0.014958248473703861,0,2,126
1261,0.0016493690200150013,0.0002,0.014367621392011642,1,2,125
1262,0.0034546339884400368,0.0002,0.014919960871338844,0,0,128
1263,0.0015124223427847028,0.0002,0.01604979671537876,1,3,124
1264,0.0007415979634970427,0.0002,0.013955235481262207,1,0,127
1265,0.0018358256202191114,0.0002,0.014313902705907822,0,1,127
1266,0.0020687878131866455,0.0002,0.015169735997915268,1,2,125
1267,0.000516399391926825,0.0002,0.015778830274939537,0,1,127
1268,0.0012194645823910832,0.0002,0.014731565490365028,1,1,126
1269,0.0018329678568989038,0.0002,0.014696317724883556,0,2,126
1270,0.0009428393677808344,0.0002,0.01558113843202591,1,0,127
1271,0.0006675280164927244,0.0002,0.015025818720459938,1,1,126
1272,0.0010288726771250367,0.0002,0.01481559406965971,1,1,126
1273,0.0008623383473604918,0.0002,0.014383943751454353,0,1,127
1274,0.0005561754223890603,0.0002,0.01428229734301567,1,2,125
1275,0.0011218534782528877,0.0002,0.015209745615720749,3,0,125
1276,0.0012478891294449568,0.0002,0.012984654866158962,3,0,125
1277,0.0005911815678700805,0.0002,0.013483062386512756,2,1,125
1278,0.0008510630577802658,0.0002,0.014937394298613071,1,0,127
1279,0.0009602206409908831,0.0002,0.016245530918240547,0,2,126
1280,0.0006139645120128989,0.0002,0.014458814635872841,0,1,127
1281,0.0006188505794852972,0.0002,0.014219135046005249,2,1,125
1282,0.0007850237307138741,0.0002,0.01514308713376522,1,0,127
1283,0.000707709405105561,0.0002,0.01415487565100193,2,1,125
1284,0.0004956037737429142,0.0002,0.015103585086762905,3,3,122
1285,0.0005871481262147427,0.0002,0.014455812983214855,1,1,126
1286,0.00081898074131459,0.0002,0.014346434734761715,1,2,125
1287,0.000438395218225196,0.0002,0.015035321936011314,0,1,127
1288,0.0007817985024303198,0.0002,0.014112797565758228,1,1,126
1289,0.0006676751654595137,0.0002,0.014818156138062477,2,2,124
1290,0.0005146933835931122,0.0002,0.013964020647108555,0,2,126
1291,0.00045531982323154807,0.0002,0.014904051087796688,1,1,126
1292,0.0005191268282942474,0.0002,0.014895140193402767,1,0,127
1293,0.0004890529671683908,0.0002,0.015510983765125275,1,1,126
1294,0.00050066300900653,0.0002,0.015281176194548607,3,0,125
1295,0.0006624013185501099,0.0002,0.014687089249491692,0,0,128
1296,0.00045862080878578126,0.0002,0.014786775223910809,0,0,128
1297,0.00047387840459123254,0.0002,0.01341860182583332,0,0,128
1298,0.0005348710110411048,0.0002,0.014608846977353096,1,1,126
1299,0.0005943374708294868,0.0002,0.015028251335024834,0,0,128
1300,0.0007608113810420036,0.0002,0.004741673357784748,1,1,126
1301,0.0006632843287661672,0.0002,0.001946097589097917,0,2,126
1302,0.00039595135604031384,0.0002,0.0029234818648546934,2,1,125
1303,0.0007047626422718167,0.0002,0.0023490481544286013,1,0,127
1304,0.0007265132153406739,0.0002,0.0023975104559212923,3,1,124
1305,0.0004992843605577946,0.0002,0.0019379137083888054,3,2,123
1306,0.0007987983990460634,0.0002,0.0031093957368284464,2,0,126
1307,0.0006277321372181177,0.0002,0.0012100954772904515,1,0,127
1308,0.0007923887460492551,0.0002,0.0023634671233594418,2,2,124
1309,0.0005992274964228272,0.0002,0.0020380509085953236,2,0,126
1310,0.0007071340223774314,0.0002,0.0025904388166964054,0,0,128
1311,0.0005153330275788903,0.0002,0.00242520309984684,0,2,126
1312,0.0007193315541371703,0.0002,0.003564289305359125,1,1,126
1313,0.0007534540491178632,0.0002,0.001444009831175208,1,0,127
1314,0.0007109896396286786,0.0002,0.002452200511470437,4,3,121
1315,0.0006245076074264944,0.0002,0.0016111035365611315,1,0,127
1316,0.0006002656300552189,0.0002,0.002913550939410925,2,1,125
1317,0.0007331493543460965,0.0002,0.004034229088574648,1,1,126
1318,0.0006011961377225816,0.0002,0.0029675718396902084,1,1,126
1319,0.0007918649353086948,0.0002,0.0009112769039347768,1,1,126
1320,0.0007079645292833447,0.0002,0.0004546611453406513,2,2,124
1321,0.0006861082511022687,0.0002,0.002029172144830227,1,1,126
1322,0.0006183444056659937,0.0002,0.0026025320403277874,1,0,127
1323,0.0006157396710477769,0.0002,0.0032877158373594284,3,1,124
1324,0.0005371647421270609,0.0002,0.0016519275959581137,3,1,124
1325,0.0006084431079216301,0.0002,0.0023664713371545076,0,0,128
1326,0.0007581787649542093,0.0002,0.0019253089558333158,1,6,121
1327,0.0004475632158573717,0.0002,0.0009590227855369449,2,0,126
1328,0.0005565566243603826,0.0002,0.0027876319363713264,1,1,126
1329,0.0005833866307511926,0.0002,0.0025032362900674343,0,3,125
1330,0.0006118617602623999,0.0002,0.00032091207685880363,2,1,125
1331,0.0005059023969806731,0.0002,0.0025121557991951704,3,0,125
1332,0.0005316785536706448,0.0002,0.0014529888285323977,2,1,125
1333,0.0004741725279018283,0.0002,0.003339541144669056,2,2,124
1334,0.0005128310294821858,0.0002,0.002526740776374936,0,0,128
1335,0.0005486643058247864,0.0002,0.001588101265951991,2,3,123
1336,0.0007498546037822962,0.0002,0.001416550949215889,1,1,126
1337,0.0006530769751407206,0.0002,0.00039580490556545556,0,3,125
1338,0.000646386353764683,0.0002,0.0018672326114028692,1,1,126
1339,0.0009174573933705688,0.0002,0.003736981889232993,0,3,125
1340,0.0007496621110476553,0.0002,0.003269071690738201,0,1,127
1341,0.0004672501818276942,0.0002,0.001211804454214871,1,1,126
1342,0.0006268795114010572,0.0002,0.002164904959499836,1,0,127
1343,0.0007115022162906826,0.0002,0.0028861265163868666,1,1,126
1344,0.0006308573065325618,0.0002,0.0026956836227327585,0,2,126
1345,0.0005265756044536829,0.0002,-0.00022706843446940184,4,3,121
1346,0.0005708060343749821,0.0002,0.0009763345587998629,2,1,125
1347,0.0005834034527651966,0.0002,0.0013969435822218657,1,1,126
1348,0.0005075206281617284,0.0002,0.0017937315860763192,1,1,126
1349,0.0005488980677910149,0.0002,0.0036690696142613888,0,1,127
1350,0.0005581493023782969,0.0002,0.004281310830265284,1,2,125
1351,0.0006700354861095548,0.0002,0.0059579964727163315,3,0,125
1352,0.0005031203618273139,0.0002,0.0034631071612238884,0,2,126
1353,0.0004717513220384717,0.0002,0.004043572582304478,2,1,125
1354,0.0004526950651779771,0.0002,0.004811582155525684,2,1,125
1355,0.000839851563796401,0.0002,0.004922068677842617,0,1,127
1356,0.0005934591754339635,0.0002,0.005634601693600416,0,1,127
1357,0.0005293840658850968,0.0002,0.005505315028131008,2,2,124
1358,0.0005471532349474728,0.0002,0.003612163010984659,2,0,126
1359,0.0006280881934799254,0.0002,0.0043062386102974415,1,0,127
1360,0.00036631565308198333,0.0002,0.004472521133720875,2,1,125
1361,0.0005349151324480772,0.0002,0.0037668831646442413,1,4,123
1362,0.000707375118508935,0.0002,0.004947510547935963,0,2,126
1363,0.0005393262254074216,0.0002,0.004893122706562281,2,0,126
1364,0.0004706691834144294,0.0002,0.0038245017640292645,0,0,128
1365,0.0006633690209127963,0.0002,0.0047880010679364204,2,1,125
1366,0.0005567665793932974,0.0002,0.004981124773621559,3,0,125
1367,0.000619096914306283,0.0002,0.004303155932575464,1,1,126
1368,0.0005083942087367177,0.0002,0.003841985482722521,1,1,126
1369,0.00038526218850165606,0.0002,0.0041061630472540855,0,0,128
1370,0.0005449390737339854,0.0002,0.004948701709508896,0,0,128
1371,0.0004796916909981519,0.0002,0.003470826894044876,1,0,127
1372,0.0004114730400033295,0.0002,0.004692296031862497,1,0,127
1373,0.0006715236231684685,0.0002,0.005504187662154436,4,1,123
1374,0.00046333629870787263,0.0002,0.004382463172078133,2,1,125
1375,0.0004575185594148934,0.0002,0.003978000953793526,2,1,125
1376,0.0004306104965507984,0.0002,0.005775220692157745,2,0,126
1377,0.000686067040078342,0.0002,0.005178730469197035,2,2,124
1378,0.00046971789561212063,0.0002,0.0036490776110440493,2,2,124
1379,0.00040377810364589095,0.0002,0.0046946266666054726,1,0,127
1380,0.00048364244867116213,0.0002,0.0031353188678622246,1,2,125
1381,0.000680134107824415,0.0002,0.006516278721392155,0,2,126
1382,0.0003283005498815328,0.0002,0.0036418912932276726,2,2,124
1383,0.0005188214126974344,0.0002,0.004998479969799519,0,2,126
1384,0.0005779921775683761,0.0002,0.0057667517103254795,1,2,125
1385,0.000598637736402452,0.0002,0.006039927713572979,1,1,126
1386,0.0005654800916090608,0.0002,0.0038078478537499905,4,2,122
1387,0.0004245568998157978,0.0002,0.004895511083304882,2,0,126
1388,0.000717166461981833,0.0002,0.005113211926072836,3,0,125
1389,0.0004715798422694206,0.0002,0.0046130334958434105,0,2,126
1390,0.0007296445546671748,0.0002,0.005902123171836138,1,3,124
1391,0.0005297745810821652,0.0002,0.003398868953809142,2,2,124
1392,0.0004546130367089063,0.0002,0.004372377879917622,0,2,126
1393,0.0004776890273205936,0.0002,0.003579505253583193,0,2,126
1394,0.0007199355168268085,0.0002,0.005515045020729303,4,1,123
1395,0.0003087183285970241,0.0002,0.0031799590215086937,2,1,125
1396,0.0005911501939408481,0.0002,0.005016644485294819,2,1,125
1397,0.00044428897672332823,0.0002,0.004079475067555904,2,1,125
1398,0.0005139873246662319,0.0002,0.003908171784132719,2,0,126
1399,0.0006710321176797152,0.0002,0.0034913518466055393,4,1,123
1400,0.000770932121668011,0.0002,0.003503158688545227,0,2,126
1401,0.0005030579632148147,0.0002,0.0011452281614765525,1,3,124
1402,0.00055706687271595,0.0002,0.0013424803037196398,2,1,125
1403,0.0007424138602800667,0.0002,0.0017573082586750388,0,1,127
1404,0.00047614536015316844,0.0002,0.0016662536654621363,0,1,127
1405,0.0004354373668320477,0.0002,0.0026240639854222536,0,1,127
1406,0.0005539528792724013,0.0002,0.0022769321221858263,1,0,127
1407,0.0006022172747179866,0.0002,0.001578312600031495,3,0,125
1408,0.0005195224657654762,0.0002,0.0014236653223633766,1,1,126
1409,0.0006660727085545659,0.0002,0.0019717602990567684,2,2,124
1410,0.0008257703157141805,0.0002,0.003413384547457099,1,4,123
1411,0.0005017236690036952,0.0002,0.002066314686089754,0,0,128
1412,0.0006125036161392927,0.0002,0.003066511359065771,0,0,128
1413,0.0007392266998067498,0.0002,0.002538213739171624,2,0,126
1414,0.0006704374682158232,0.0002,0.002159710507839918,0,1,127
1415,0.0005800047656521201,0.0002,0.0014019886730238795,1,0,127
1416,0.0007923978846520185,0.0002,0.0018094631377607584,1,2,125
1417,0.0005749904084950686,0.0002,0.0030336708296090364,0,1,127
1418,0.0005424160626716912,0.0002,0.002071623457595706,0,1,127
1419,0.0004916865145787597,0.0002,0.001756843295879662,0,2,126
1420,0.00048551440704613924,0.0002,0.0033640190958976746,1,1,126
1421,0.0005171163938939571,0.0002,0.003151535289362073,1,1,126
1422,0.00047800468746572733,0.0002,0.0037377243861556053,2,1,125
1423,0.0005115331732667983,0.0002,0.005343593657016754,1,1,126
1424,0.0005981252761557698,0.0002,0.0030289418064057827,1,2,125
1425,0.0007463493384420872,0.0002,0.004591191653162241,0,3,125
1426,0.0005900082178413868,0.0002,0.002681263256818056,1,2,125
1427,0.00048448581947013736,0.0002,0.002539092907682061,2,1,125
1428,0.0006339915562421083,0.0002,0.0025045110378414392,1,1,126
1429,0.0005495820078067482,0.0002,0.0026129991747438908,2,1,125
1430,0.0007208982715383172,0.0002,0.002984834834933281,1,1,126
1431,0.00040816032560542226,0.0002,0.0025915601290762424,0,1,127
1432,0.0005019925301894546,0.0002,0.001432731281965971,0,3,125
1433,0.0006197712500579655,0.0002,0.0019486220553517342,0,0,128
1434,0.0005441591492854059,0.0002,0.002585355192422867,2,2,124
1435,0.0005821679951623082,0.0002,0.0032701583113521338,1,0,127
1436,0.0008520268020220101,0.0002,0.0043982695788145065,3,2,123
1437,0.0008085791487246752,0.0002,0.00431176507845521,1,1,126
1438,0.0006222709780558944,0.0002,0.0029524636920541525,1,1,126
1439,0.000549644639249891,0.0002,0.0038489308208227158,0,2,126
1440,0.0006691846065223217,0.0002,0.0043922970071434975,2,2,124
1441,0.0007414999417960644,0.0002,0.0027966932393610477,1,1,126
1442,0.0007914295420050621,0.0002,0.004062844906002283,3,2,123
1443,0.000531294266693294,0.0002,0.002624696819111705,0,1,127
1444,0.00069894251646474,0.0002,0.0024441913701593876,1,2,125
1445,0.0005912571796216071,0.0002,0.006187226623296738,1,1,126
1446,0.0005116686807014048,0.0002,0.001378972316160798,2,2,124
1447,0.0005634059780277312,0.0002,0.003308176528662443,2,2,124
1448,0.0008137894328683615,0.0002,-0.00029307836666703224,0,1,127
1449,0.0006537386798299849,0.0002,0.0012557434383779764,2,2,124
1450,0.0004905191017314792,0.0002,0.002724053105339408,2,0,126
1451,0.0006230816943570971,0.0002,0.002735128393396735,1,1,126
1452,0.0007701055728830397,0.0002,0.003934121690690517,2,1,125
1453,0.00042857934022322297,0.0002,0.00540669821202755,0,1,127
1454,0.0004662209830712527,0.0002,0.0009490925003774464,0,1,127
1455,0.000608705566264689,0.0002,0.002597095910459757,3,2,123
1456,0.0005095802480354905,0.0002,0.0025888346135616302,1,3,124
1457,0.0005648802616633475,0.0002,0.0031416751444339752,0,1,127
1458,0.0007656983216293156,0.0002,0.0047779204323887825,2,0,126
1459,0.0005388742429204285,0.0002,0.0012367768213152885,0,0,128
1460,0.0007185454596765339,0.0002,0.0005609793588519096,2,1,125
1461,0.0005458841333165765,0.0002,0.005110482685267925,2,1,125
1462,0.0006051115342415869,0.0002,0.001877618720754981,1,2,125
1463,0.0004764891345985234,0.0002,0.0038118644151836634,3,0,125
1464,0.0004329440416768193,0.0002,0.004810333251953125,0,1,127
1465,0.0006605826783925295,0.0002,0.006657836958765984,2,2,124
1466,0.0005097179673612118,0.0002,0.004771358333528042,0,2,126
1467,0.0006362794665619731,0.0002,0.002521722111850977,2,0,126
1468,0.0006816910463385284,0.0002,0.003657310036942363,1,0,127
1469,0.0005934035871177912,0.0002,0.0021955615375190973,0,3,125
1470,0.0005324955563992262,0.0002,0.0016006184741854668,0,1,127
1471,0.0005060550756752491,0.0002,0.004044402856379747,0,1,127
1472,0.00047133376938290894,0.0002,0.005320764146745205,1,2,125
1473,0.0007080055656842887,0.0002,0.004116601310670376,1,1,126
1474,0.0004293275997042656,0.0002,0.001817438518628478,0,1,127
1475,0.0005349131533876061,0.0002,0.0038888549897819757,0,1,127
1476,0.0007111401646398008,0.0002,0.004303140565752983,0,1,127
1477,0.0005696326261386275,0.0002,0.005155239719897509,1,1,126
1478,0.0005882027326151729,0.0002,0.0017542222049087286,1,1,126
1479,0.0005766447284258902,0.0002,0.005234436132013798,0,1,127
1480,0.0005379709182307124,0.0002,0.003375713247805834,2,0,126
1481,0.0006328515592031181,0.0002,0.003531299065798521,4,0,124
1482,0.0005304791266098619,0.0002,0.00417572446167469,0,0,128
1483,0.0004609203606378287,0.0002,0.0035361088812351227,0,1,127
1484,0.00043436590931378305,0.0002,0.0038843255024403334,0,0,128
1485,0.0006638952763751149,0.0002,8.436237112618983e-05,2,2,124
1486,0.000522267073392868,0.0002,0.005126387812197208,1,0,127
1487,0.0007416149019263685,0.0002,0.004468005150556564,2,2,124
1488,0.0006169072003103793,0.0002,0.004208612721413374,1,2,125
1489,0.0006802276475355029,0.0002,0.0023687751963734627,0,1,127
1490,0.0006398183177225292,0.0002,0.0037311995401978493,4,2,122
1491,0.0006510477978736162,0.0002,0.004839655943214893,0,0,128
1492,0.0005210497765801847,0.0002,0.003193739801645279,1,1,126
1493,0.00045480605331249535,0.0002,0.00449797511100769,1,0,127
1494,0.000557311752345413,0.0002,0.0015811165794730186,0,0,128
1495,0.0007878306787461042,0.0002,0.002839575055986643,1,0,127
1496,0.0005556780379265547,0.0002,0.0027957099955528975,1,0,127
1497,0.0005794268799945712,0.0002,0.003202041843906045,0,0,128
1498,0.0007833490381017327,0.0002,0.0018207465764135122,1,1,126
1499,0.0005098916590213776,0.0002,0.0028681389521807432,1,0,127
